Place,County
Baldwin,"Nassau, NY"
Baldwin Harbor,"Nassau, NY"
Bank Plaza,"Nassau, NY"
Barnum Island,"Nassau, NY"
Baxter Estates,"Nassau, NY"
Bay Colony,"Nassau, NY"
Bay Park,"Nassau, NY"
Bayville,"Nassau, NY"
Bellerose,"Nassau, NY"
Bellerose Terrace,"Nassau, NY"
Bellmore,"Nassau, NY"
Bethpage,"Nassau, NY"
Biltmore Shores,"Nassau, NY"
Birchwood,"Nassau, NY"
Briar Park,"Nassau, NY"
Brookville,"Nassau, NY"
Albertson,"Nassau, NY"
Alden Manor,"Nassau, NY"
Allenwood,"Nassau, NY"
Argo Village,"Nassau, NY"
Arlyn Oaks,"Nassau, NY"
Atlantic Beach,"Nassau, NY"
Carle Place,"Nassau, NY"
Cedarhurst,"Nassau, NY"
Center Avenue,"Nassau, NY"
Centre Island,"Nassau, NY"
Country Life Press,"Nassau, NY"
Cove Neck,"Nassau, NY"
Crown Village,"Nassau, NY"
C.W. Post College,"Nassau, NY"
East Atlantic Beach,"Nassau, NY"
East Garden City,"Nassau, NY"
East Hempstead,"Nassau, NY"
East Hills,"Nassau, NY"
East Massapequa,"Nassau, NY"
East Meadow,"Nassau, NY"
East Norwich,"Nassau, NY"
East Rockaway,"Nassau, NY"
East Williston,"Nassau, NY"
Elmont,"Nassau, NY"
Farmingdale,"Nassau, NY"
Floral Park,"Nassau, NY"
Flower Hill,"Nassau, NY"
Franklin Square,"Nassau, NY"
Freeport,"Nassau, NY"
Garden City,"Nassau, NY"
Garden City Park,"Nassau, NY"
Garden City South,"Nassau, NY"
Glen Head,"Nassau, NY"
Glen Street,"Nassau, NY"
Glenwood Landing,"Nassau, NY"
Grant Park,"Nassau, NY"
Great Neck,"Nassau, NY"
Great Neck Estates,"Nassau, NY"
Great Neck Gardens,"Nassau, NY"
Great Neck Plaza,"Nassau, NY"
Green Acres,"Nassau, NY"
Greenvale,"Nassau, NY"
Grumman,"Nassau, NY"
Harbor Acres,"Nassau, NY"
Harbor Green,"Nassau, NY"
Harbor Hills,"Nassau, NY"
Harbor Isle,"Nassau, NY"
Hempstead,"Nassau, NY"
Hempstead,"Nassau, NY"
Hempstead Gardens,"Nassau, NY"
Herricks,"Nassau, NY"
Herricks,"Nassau, NY"
Hewlett,"Nassau, NY"
Hewlett Bay Park,"Nassau, NY"
Hewlett Harbor,"Nassau, NY"
Hewlett Neck,"Nassau, NY"
Hicksville,"Nassau, NY"
Hillside Heights,"Nassau, NY"
Hillside Manor,"Nassau, NY"
Inwood,"Nassau, NY"
Inwood L I,"Nassau, NY"
Island Park,"Nassau, NY"
Jamaica Square,"Nassau, NY"
Jericho,"Nassau, NY"
Kenilworth,"Nassau, NY"
Kensington,"Nassau, NY"
Kings Point,"Nassau, NY"
Lake Success,"Nassau, NY"
Lakeview,"Nassau, NY"
Lakeville Estates,"Nassau, NY"
Landia,"Nassau, NY"
Lattingtown,"Nassau, NY"
Laurel Hollow,"Nassau, NY"
Lawrence,"Nassau, NY"
Lawrence Beach,"Nassau, NY"
Levittown,"Nassau, NY"
Lido Beach,"Nassau, NY"
Locust Grove,"Nassau, NY"
Locust Valley,"Nassau, NY"
Locustwood,"Nassau, NY"
Long Beach,"Nassau, NY"
Lynbrook,"Nassau, NY"
Malverne,"Nassau, NY"
Malverne Park Oaks,"Nassau, NY"
Manhasset,"Nassau, NY"
Manhasset Hills,"Nassau, NY"
Manorhaven,"Nassau, NY"
Massapequa,"Nassau, NY"
Massapequa Park,"Nassau, NY"
Matinecock,"Nassau, NY"
Meacham,"Nassau, NY"
Meadowmere Park,"Nassau, NY"
Merillon Avenue,"Nassau, NY"
Merrick,"Nassau, NY"
Merriweather Campus,"Nassau, NY"
Mill Neck,"Nassau, NY"
Mineola,"Nassau, NY"
Mitchell Field,"Nassau, NY"
Munsey Park,"Nassau, NY"
Muttontown,"Nassau, NY"
Nassau Boulevard,"Nassau, NY"
Nassau Shores,"Nassau, NY"
New Cassel,"Nassau, NY"
New Hyde Park,"Nassau, NY"
North Baldwin,"Nassau, NY"
North Bellmore,"Nassau, NY"
North Hempstead,"Nassau, NY"
North Hills,"Nassau, NY"
North Lynbrook,"Nassau, NY"
North Massapequa,"Nassau, NY"
North Merrick,"Nassau, NY"
North New Hyde Park,"Nassau, NY"
North Rockville Centre,"Nassau, NY"
North Roslyn,"Nassau, NY"
North Seaford,"Nassau, NY"
North Valley Stream,"Nassau, NY"
North Wantagh,"Nassau, NY"
North Woodmere,"Nassau, NY"
Oceanside,"Nassau, NY"
Old Bethpage,"Nassau, NY"
Old Bethpage Branch,"Nassau, NY"
Old Brookville,"Nassau, NY"
Old Northport,"Nassau, NY"
Old Village,"Nassau, NY"
Old Westbury,"Nassau, NY"
Oyster Bay,"Nassau, NY"
Oyster Bay,"Nassau, NY"
Oyster Bay Cove,"Nassau, NY"
Parcel Post,"Nassau, NY"
Plainedge,"Nassau, NY"
Plainview,"Nassau, NY"
Plandome,"Nassau, NY"
Plandome Heights,"Nassau, NY"
Plandome Manor,"Nassau, NY"
Point Lookout,"Nassau, NY"
Port Washington,"Nassau, NY"
Port Washington North,"Nassau, NY"
Rockville Centre,"Nassau, NY"
Roosevelt,"Nassau, NY"
Roosevelt Field,"Nassau, NY"
Rosalyn Heights,"Nassau, NY"
Roslyn,"Nassau, NY"
Roslyn Air National Guard Station,"Nassau, NY"
Roslyn Estates,"Nassau, NY"
Roslyn Harbor,"Nassau, NY"
Roslyn Heights,"Nassau, NY"
Russell Gardens,"Nassau, NY"
Saddle Rock,"Nassau, NY"
Saddle Rock Estates,"Nassau, NY"
Sagamore Hill National Historic Site,"Nassau, NY"
Salisbury,"Nassau, NY"
Sands Point,"Nassau, NY"
Sea Cliff,"Nassau, NY"
Seaford,"Nassau, NY"
Searingtown,"Nassau, NY"
South Farmingdale,"Nassau, NY"
South Farmingdale,"Nassau, NY"
South Floral Park,"Nassau, NY"
South Hempstead,"Nassau, NY"
South Plainedge,"Nassau, NY"
South Valley Stream,"Nassau, NY"
South Westbury,"Nassau, NY"
Stewart Manor,"Nassau, NY"
Strathmore,"Nassau, NY"
Syosset,"Nassau, NY"
The Terrace,"Nassau, NY"
Thomaston,"Nassau, NY"
Uniondale,"Nassau, NY"
University Gardens,"Nassau, NY"
Upper Brookville,"Nassau, NY"
Valley,"Nassau, NY"
Valley Stream,"Nassau, NY"
Wantagh,"Nassau, NY"
West Amityville,"Nassau, NY"
Westbury,"Nassau, NY"
Westbury South,"Nassau, NY"
West Hempstead,"Nassau, NY"
Westwood,"Nassau, NY"
Wheatley,"Nassau, NY"
Williston Park,"Nassau, NY"
Woodbury,"Nassau, NY"
Woodmere,"Nassau, NY"
Woodsburgh,"Nassau, NY"
Rockville Center,"Nassau, NY"
Glen Cove,"Nassau, NY"
Jones Beach,"Nassau, NY"
MiniVan - Lev,"Nassau, NY"
Nassau County,"Nassau, NY"
Suffolk County,"Suffolk, NY"
Babylon,"Suffolk, NY"
Babylon,"Suffolk, NY"
Baiting Hollow,"Suffolk, NY"
Barnes Hole,"Suffolk, NY"
Barnes Landing,"Suffolk, NY"
Bayberry Dunes,"Suffolk, NY"
Bay Point,"Suffolk, NY"
Bayport,"Suffolk, NY"
Bay Shore,"Suffolk, NY"
Bayview,"Suffolk, NY"
Baywood,"Suffolk, NY"
Beach Hampton,"Suffolk, NY"
Beixedon Estates,"Suffolk, NY"
Belle Terre,"Suffolk, NY"
Bellport,"Suffolk, NY"
Bellview Beach,"Suffolk, NY"
Bergen Park,"Suffolk, NY"
Blue Point,"Suffolk, NY"
Bohemia,"Suffolk, NY"
Brentwood,"Suffolk, NY"
Bridgehampton,"Suffolk, NY"
Brightwaters,"Suffolk, NY"
Brookhaven,"Suffolk, NY"
Brookhaven,"Suffolk, NY"
Amagansett,"Suffolk, NY"
Amity Harbor,"Suffolk, NY"
Amityville,"Suffolk, NY"
Apaquogue,"Suffolk, NY"
Aquebogue,"Suffolk, NY"
Arshamonaque,"Suffolk, NY"
Art Village,"Suffolk, NY"
Asharoken,"Suffolk, NY"
Atlantique,"Suffolk, NY"
Calverton,"Suffolk, NY"
Calverton-Roanoke,"Suffolk, NY"
Canoe Place,"Suffolk, NY"
Captain Kidd Estates,"Suffolk, NY"
Centereach,"Suffolk, NY"
Center Moriches,"Suffolk, NY"
Centerport,"Suffolk, NY"
Centerville,"Suffolk, NY"
Central Islip,"Suffolk, NY"
Cherry Grove,"Suffolk, NY"
Cobb,"Suffolk, NY"
Cold Spring Harbor,"Suffolk, NY"
Cold Spring Harbor,"Suffolk, NY"
Cold Spring Terrace,"Suffolk, NY"
Colonial Springs,"Suffolk, NY"
Commack,"Suffolk, NY"
Copiague,"Suffolk, NY"
Coram,"Suffolk, NY"
Crab Meadow,"Suffolk, NY"
Crystal Brook,"Suffolk, NY"
Cutchogue,"Suffolk, NY"
Cutchogue-New Suffolk,"Suffolk, NY"
Cutchogue Station,"Suffolk, NY"
Davis Park,"Suffolk, NY"
Deerfield,"Suffolk, NY"
Deer Park,"Suffolk, NY"
Denton Hills,"Suffolk, NY"
Dering Harbor,"Suffolk, NY"
Devon,"Suffolk, NY"
Ditch Plains,"Suffolk, NY"
Divinity Hill,"Suffolk, NY"
Dix Hills,"Suffolk, NY"
Dunewood,"Suffolk, NY"
East Brentwood,"Suffolk, NY"
East Cutchogue,"Suffolk, NY"
East Farmingdale,"Suffolk, NY"
East Half Hollow Hills,"Suffolk, NY"
East Hampton,"Suffolk, NY"
East Hampton,"Suffolk, NY"
East Hampton North,"Suffolk, NY"
East Hauppauge,"Suffolk, NY"
East Huntington,"Suffolk, NY"
East Islip,"Suffolk, NY"
East Lake Ronkonkoma,"Suffolk, NY"
East Marion,"Suffolk, NY"
East Moriches,"Suffolk, NY"
East Neck,"Suffolk, NY"
East Neck,"Suffolk, NY"
East Northport,"Suffolk, NY"
East Patchogue,"Suffolk, NY"
Eastport,"Suffolk, NY"
East Quogue,"Suffolk, NY"
East Setauket,"Suffolk, NY"
East Shoreham,"Suffolk, NY"
Eastside,"Suffolk, NY"
Eatons Neck,"Suffolk, NY"
Edgewood,"Suffolk, NY"
Elwood,"Suffolk, NY"
Elwood,"Suffolk, NY"
Elwood Farms,"Suffolk, NY"
Fair Harbor,"Suffolk, NY"
Farmingville,"Suffolk, NY"
Fire Island,"Suffolk, NY"
Fire Island National Seashore,"Suffolk, NY"
Fire Island Pines,"Suffolk, NY"
Fireplace,"Suffolk, NY"
Fireplace Lodge Girls Camp,"Suffolk, NY"
Fishers Island,"Suffolk, NY"
Flanders,"Suffolk, NY"
Flowerfield Estates,"Suffolk, NY"
Flying Point,"Suffolk, NY"
Fort Hill,"Suffolk, NY"
Fort Salonga,"Suffolk, NY"
Freetown,"Suffolk, NY"
Gardiners Bay Estates,"Suffolk, NY"
Gardiners Island,"Suffolk, NY"
Georgica,"Suffolk, NY"
Gerard Park,"Suffolk, NY"
Gilgo,"Suffolk, NY"
Gilgo Beach,"Suffolk, NY"
Goose Bay Estates,"Suffolk, NY"
Gordon Heights,"Suffolk, NY"
Great River,"Suffolk, NY"
Great River,"Suffolk, NY"
Greenlawn,"Suffolk, NY"
Greenport,"Suffolk, NY"
Greenport West,"Suffolk, NY"
Hagerman,"Suffolk, NY"
Halesite,"Suffolk, NY"
Half Hollow,"Suffolk, NY"
Half Hollow Hills,"Suffolk, NY"
Hampton Bays,"Suffolk, NY"
Hampton Beach,"Suffolk, NY"
Hampton Park,"Suffolk, NY"
Harbor Heights Park,"Suffolk, NY"
Hardscrabble,"Suffolk, NY"
Hauppauge,"Suffolk, NY"
Hayground,"Suffolk, NY"
Head of the Harbor,"Suffolk, NY"
Heatherwood North,"Suffolk, NY"
Heatherwood South,"Suffolk, NY"
Holbrook,"Suffolk, NY"
Holbrook-Holtsville,"Suffolk, NY"
Holtsville,"Suffolk, NY"
Huntington,"Suffolk, NY"
Huntington,"Suffolk, NY"
Huntington,"Suffolk, NY"
Huntington Bay,"Suffolk, NY"
Huntington Beach,"Suffolk, NY"
Huntington Station,"Suffolk, NY"
Idle Hour,"Suffolk, NY"
Islandia,"Suffolk, NY"
Islip,"Suffolk, NY"
Islip,"Suffolk, NY"
Islip Manor,"Suffolk, NY"
Islip Terrace,"Suffolk, NY"
Jamesport,"Suffolk, NY"
Jericho,"Suffolk, NY"
Jersey Colony,"Suffolk, NY"
Kings Park,"Suffolk, NY"
Kingstown,"Suffolk, NY"
Kismet,"Suffolk, NY"
Lafarges Landing,"Suffolk, NY"
Lake Grove,"Suffolk, NY"
Lakeland,"Suffolk, NY"
Lake Panamoka,"Suffolk, NY"
Lake Ronkonkoma,"Suffolk, NY"
Lake Ronkonkoma Heights,"Suffolk, NY"
Laughing Waters,"Suffolk, NY"
Laurel,"Suffolk, NY"
Lefferts Mill,"Suffolk, NY"
Lindenhurst,"Suffolk, NY"
Little Plains,"Suffolk, NY"
Lloyd Harbor,"Suffolk, NY"
Lonelyville,"Suffolk, NY"
Long Island MacArthur Airport,"Suffolk, NY"
Lower Melville,"Suffolk, NY"
Luce Landing,"Suffolk, NY"
Madison Park,"Suffolk, NY"
Maidstone Park,"Suffolk, NY"
Mall,"Suffolk, NY"
Manorville,"Suffolk, NY"
Mastic,"Suffolk, NY"
Mastic Beach,"Suffolk, NY"
Mastic-Shirley,"Suffolk, NY"
Mattituck,"Suffolk, NY"
Maywood,"Suffolk, NY"
Mecox,"Suffolk, NY"
Medford,"Suffolk, NY"
Melville,"Suffolk, NY"
Middle Island,"Suffolk, NY"
Middleville,"Suffolk, NY"
Midhampton,"Suffolk, NY"
Miller Place,"Suffolk, NY"
Montauk,"Suffolk, NY"
Montauk Air Force Station,"Suffolk, NY"
Montauk Beach,"Suffolk, NY"
Montauk Estates,"Suffolk, NY"
Montauk Station,"Suffolk, NY"
Montclair Colony,"Suffolk, NY"
Moriches,"Suffolk, NY"
Mount Sinai,"Suffolk, NY"
Napeague,"Suffolk, NY"
Nassau Farms,"Suffolk, NY"
Nassau Point,"Suffolk, NY"
Nesconset,"Suffolk, NY"
Newsday,"Suffolk, NY"
New Suffolk,"Suffolk, NY"
Newtown,"Suffolk, NY"
Nissequogue,"Suffolk, NY"
North Amityville,"Suffolk, NY"
Northampton,"Suffolk, NY"
North Babylon,"Suffolk, NY"
North Bay Shore,"Suffolk, NY"
North Bellport,"Suffolk, NY"
North Great River,"Suffolk, NY"
North Haven,"Suffolk, NY"
North Lindenhurst,"Suffolk, NY"
North Patchogue,"Suffolk, NY"
Northport,"Suffolk, NY"
Northport,"Suffolk, NY"
North Sea,"Suffolk, NY"
North Shore Beach,"Suffolk, NY"
North Smithtown,"Suffolk, NY"
Northville,"Suffolk, NY"
Northwest Harbor,"Suffolk, NY"
Northwest Landing,"Suffolk, NY"
Noyack,"Suffolk, NY"
Oak Beach,"Suffolk, NY"
Oakdale,"Suffolk, NY"
Oakville,"Suffolk, NY"
Ocean Bay Park,"Suffolk, NY"
Ocean Beach,"Suffolk, NY"
Old Field,"Suffolk, NY"
Old Field South,"Suffolk, NY"
Old Mastic,"Suffolk, NY"
Oregon,"Suffolk, NY"
Orient,"Suffolk, NY"
Orient Point,"Suffolk, NY"
Pantigo,"Suffolk, NY"
Patchogue,"Suffolk, NY"
Patchogue Highlands,"Suffolk, NY"
Peconic,"Suffolk, NY"
Penataquit,"Suffolk, NY"
Pilgrim State Hospital,"Suffolk, NY"
Pine Aire,"Suffolk, NY"
Pinelawn,"Suffolk, NY"
Pine Neck,"Suffolk, NY"
Pine Neck-West Tiana,"Suffolk, NY"
Pine Valley,"Suffolk, NY"
Plum Island,"Suffolk, NY"
Point O' Woods,"Suffolk, NY"
Ponquogue,"Suffolk, NY"
Poospatuck Indian Reservation,"Suffolk, NY"
Poquott,"Suffolk, NY"
Port Jefferson,"Suffolk, NY"
Port Jefferson,"Suffolk, NY"
Port Jefferson Station,"Suffolk, NY"
Quioque,"Suffolk, NY"
Quogue,"Suffolk, NY"
Rampasture,"Suffolk, NY"
Red Creek,"Suffolk, NY"
Redwood,"Suffolk, NY"
Reeves Park,"Suffolk, NY"
Remsenburg,"Suffolk, NY"
Remsenburg-Speonk,"Suffolk, NY"
Republic,"Suffolk, NY"
Reydon Shores,"Suffolk, NY"
Ridge,"Suffolk, NY"
Riverhead,"Suffolk, NY"
Riverside,"Suffolk, NY"
Riverside Estates,"Suffolk, NY"
Riverside-Flanders,"Suffolk, NY"
Robbins Rest,"Suffolk, NY"
Robins Island,"Suffolk, NY"
Rocky Point,"Suffolk, NY"
Ronkonkoma,"Suffolk, NY"
Ronkonkoma West,"Suffolk, NY"
Rose Grove,"Suffolk, NY"
Sagaponack,"Suffolk, NY"
Sages Cottages,"Suffolk, NY"
Sag Harbor,"Suffolk, NY"
St. James,"Suffolk, NY"
St. James Heights,"Suffolk, NY"
Saltaire,"Suffolk, NY"
San Remo,"Suffolk, NY"
Santapoque,"Suffolk, NY"
Saxon Park,"Suffolk, NY"
Sayville,"Suffolk, NY"
Scuttlehole,"Suffolk, NY"
Seaview,"Suffolk, NY"
Selden,"Suffolk, NY"
Setauket,"Suffolk, NY"
Setauket,"Suffolk, NY"
Setauket-East Setauket,"Suffolk, NY"
Shelter Island,"Suffolk, NY"
Shelter Island,"Suffolk, NY"
Shelter Island Heights,"Suffolk, NY"
Shinnecock Hills,"Suffolk, NY"
Shinnecock Indian Reservation,"Suffolk, NY"
Shirley,"Suffolk, NY"
Shore Acres,"Suffolk, NY"
Shoreham,"Suffolk, NY"
Shorewood,"Suffolk, NY"
Siegfield Park,"Suffolk, NY"
Silver Beach,"Suffolk, NY"
Smithtown,"Suffolk, NY"
Smithtown,"Suffolk, NY"
Smithtown,"Suffolk, NY"
Smithtown Branch,"Suffolk, NY"
Smithtown Pines,"Suffolk, NY"
Sound Beach,"Suffolk, NY"
Southampton,"Suffolk, NY"
Southampton,"Suffolk, NY"
Southampton,"Suffolk, NY"
South Haven,"Suffolk, NY"
South Holbrook,"Suffolk, NY"
South Huntington,"Suffolk, NY"
South Jamesport,"Suffolk, NY"
South Manor,"Suffolk, NY"
Southold,"Suffolk, NY"
Southold,"Suffolk, NY"
Southport,"Suffolk, NY"
South Setauket,"Suffolk, NY"
South Stony Brook,"Suffolk, NY"
Speonk,"Suffolk, NY"
Springs,"Suffolk, NY"
Springville,"Suffolk, NY"
Squassux Landing,"Suffolk, NY"
Squiretown,"Suffolk, NY"
Stirling,"Suffolk, NY"
Stony Brook,"Suffolk, NY"
Suffolk County Airport,"Suffolk, NY"
Suffolk Developmental Center,"Suffolk, NY"
Sweyze,"Suffolk, NY"
Terryville,"Suffolk, NY"
The Creek Beach,"Suffolk, NY"
The Landing,"Suffolk, NY"
The Springs,"Suffolk, NY"
Tiana,"Suffolk, NY"
Tiana Shores,"Suffolk, NY"
Tuckahoe,"Suffolk, NY"
Upton,"Suffolk, NY"
Vernon Valley,"Suffolk, NY"
Village of the Branch,"Suffolk, NY"
Wading River,"Suffolk, NY"
Wainscott,"Suffolk, NY"
Water Island,"Suffolk, NY"
Water Mill,"Suffolk, NY"
Waterside Park,"Suffolk, NY"
Waterville,"Suffolk, NY"
West Babylon,"Suffolk, NY"
West Bay Shore,"Suffolk, NY"
West Brentwood,"Suffolk, NY"
West Gilgo Beach,"Suffolk, NY"
Westhampton,"Suffolk, NY"
Westhampton Beach,"Suffolk, NY"
West Hampton Dunes,"Suffolk, NY"
West Hills,"Suffolk, NY"
West Huntington,"Suffolk, NY"
West Islip,"Suffolk, NY"
West Mecox,"Suffolk, NY"
West Mecox Village,"Suffolk, NY"
Westmoreland,"Suffolk, NY"
West Ronkonkoma,"Suffolk, NY"
West St. James,"Suffolk, NY"
West Sayville,"Suffolk, NY"
West Smithtown,"Suffolk, NY"
West Tiana,"Suffolk, NY"
West Yaphank,"Suffolk, NY"
Wheatley Heights,"Suffolk, NY"
Wickman Park,"Suffolk, NY"
Wildwood,"Suffolk, NY"
Wildwood Lake,"Suffolk, NY"
Wincoma,"Suffolk, NY"
Woodcliff Park,"Suffolk, NY"
Wyandanch,"Suffolk, NY"
Yaphank,"Suffolk, NY"
McArthur Airport,"Suffolk, NY"
St James,"Suffolk, NY"
Stonybrook,"Suffolk, NY"
ISP,"Suffolk, NY"
Sinai,"Suffolk, NY"
Baruch,New York County
Bowling Green,New York County
Bryant,New York County
Ansonia,New York County
Audubon,New York County
Canal Street,New York County
Carver,New York County
Castle Clinton National Monument,New York County
Cathedral,New York County
Cherokee,New York County
Chinatown,New York County
Church Street,New York County
College,New York County
Colonial Park,New York County
Columbia University,New York County
Columbus Circle,New York County
Cooper,New York County
Drew-Hamilton,New York County
Empire State,New York County
Federal Hall National Memorial,New York County
Federal Reserve,New York County
Fort George,New York County
Fort Jay,New York County
Fort Washington,New York County
Franklin D. Roosevelt,New York County
Frederick Douglas,New York County
General Grant National Memorial,New York County
Governors Island,New York County
G P O,New York County
Gracie,New York County
Grand Central,New York County
Grand Central Terminal,New York County
Greeley Square,New York County
Greenwich Village,New York County
Hamilton Grange,New York County
Hamilton Grange National Memorial,New York County
Harlem,New York County
Hell Gate,New York County
Howard,New York County
Inwood,New York County
J. W. Johnson,New York County
Lenox Hill,New York County
Lillian Wald,New York County
Lincolnton,New York County
London Terrace,New York County
Madison Square,New York County
Manhattan,New York County
Manhattanville,New York County
Marble Hill,New York County
"Martin Luther King, Jr.",New York County
Midtown,New York County
Morgan,New York County
Morningside,New York County
Murray Hill,New York County
New York City,New York County
Number Forty,New York County
Old Chelsa,New York County
One Hundred Thirty Eighth,New York County
Pan Am Building,New York County
Patchin,New York County
Peck Slip,New York County
Peter Stuyvesant,New York County
Pitt,New York County
Planetarium,New York County
Port Authority,New York County
Postal Concentration Center,New York County
Prince,New York County
Radio City Music Hall,New York County
Rockefeller Center,New York County
Roosevelt Island,New York County
South Pole,New York County
Statue of Liberty National Monument,New York County
Theodore Roosevelt Birthplace National Historic Site,New York County
Times Square,New York County
Tompkins Square,New York County
Triborough,New York County
Tudor,New York County
Village,New York County
Wall Street,New York County
Wards Island,New York County
Washington Bridge,New York County
Washington Heights,New York County
West Village,New York County
WTC Battery Park City Airport,New York County
Yorkville,New York County
250 E 73 ST,New York County
Manhatten,New York County
Delancey St,New York County
#NAME?,New York County
MiniVan - New,New York County
Upper West Side,New York County
Canal St New York,New York County
Lexington Ave New York,New York County
Park Ave S New York,New York County
th St New York,New York County
Wall St NYC,New York County
Bayside,"Queens, NYC"
Bay Terrace,"Queens, NYC"
Beechhurst,"Queens, NYC"
Beechurst,"Queens, NYC"
Bellaire,"Queens, NYC"
Belle Harbor,"Queens, NYC"
Bellerose,"Queens, NYC"
Blissville,"Queens, NYC"
Borough Hall,"Queens, NYC"
Breezy Point,"Queens, NYC"
Broad Channel,"Queens, NYC"
Broadway,"Queens, NYC"
Brooklyn Manor,"Queens, NYC"
Bushwick Junction,"Queens, NYC"
Army Pictorial Center,"Queens, NYC"
Arverne,"Queens, NYC"
Astoria,"Queens, NYC"
Auburndale,"Queens, NYC"
Cambria Heights,"Queens, NYC"
Cedar Manor,"Queens, NYC"
Central,"Queens, NYC"
College Point,"Queens, NYC"
Corona,"Queens, NYC"
Douglaston,"Queens, NYC"
East Elmhurst,"Queens, NYC"
Edgemere,"Queens, NYC"
Elmhurst,"Queens, NYC"
Elmhurst-A,"Queens, NYC"
Evergreen,"Queens, NYC"
Far Rockaway,"Queens, NYC"
Floral Park,"Queens, NYC"
Flushing,"Queens, NYC"
Forest Hills,"Queens, NYC"
Forest Park,"Queens, NYC"
Fort Tilden,"Queens, NYC"
Fort Totten,"Queens, NYC"
Fremont,"Queens, NYC"
Fresh Meadows,"Queens, NYC"
Fresh Pond,"Queens, NYC"
Fresh Pond Junction,"Queens, NYC"
Gateway National Recreation Area,"Queens, NYC"
Glendale,"Queens, NYC"
Glen Oaks,"Queens, NYC"
Grand Station,"Queens, NYC"
Haberman,"Queens, NYC"
Hall,"Queens, NYC"
Hamilton Beach,"Queens, NYC"
Hammel,"Queens, NYC"
Hillside,"Queens, NYC"
Holland,"Queens, NYC"
Hollis,"Queens, NYC"
Hollis Court,"Queens, NYC"
Holliswood,"Queens, NYC"
Horace Harding,"Queens, NYC"
Howard Beach,"Queens, NYC"
Hunterspoint Avenue,"Queens, NYC"
Jackson Heights,"Queens, NYC"
Jamaica,"Queens, NYC"
John F. Kennedy International Airport,"Queens, NYC"
Junction Boulevard,"Queens, NYC"
Kew Gardens,"Queens, NYC"
La Guardia Airport,"Queens, NYC"
Laurel Hill,"Queens, NYC"
Laurelton,"Queens, NYC"
Lefrak City,"Queens, NYC"
Linden Hill,"Queens, NYC"
Little Neck,"Queens, NYC"
Locust Manor,"Queens, NYC"
Long Island City,"Queens, NYC"
Malba,"Queens, NYC"
Maspeth,"Queens, NYC"
Middle Village,"Queens, NYC"
Morris Park,"Queens, NYC"
Murray Hill,"Queens, NYC"
Neponsit,"Queens, NYC"
New York City,"Queens, NYC"
Nichols Siding,"Queens, NYC"
North Beach,"Queens, NYC"
Oakland Gardens,"Queens, NYC"
Ozone Park,"Queens, NYC"
Parcel Post,"Queens, NYC"
Parkside,"Queens, NYC"
Parsons Beach,"Queens, NYC"
Penny Bridge,"Queens, NYC"
Plaza,"Queens, NYC"
Pomonok,"Queens, NYC"
Queensbridge,"Queens, NYC"
Queens Village,"Queens, NYC"
Rego Park,"Queens, NYC"
Richmond Hill,"Queens, NYC"
Ridgewood,"Queens, NYC"
Rochdale Village,"Queens, NYC"
Rockaway Beach,"Queens, NYC"
Rockaway Park,"Queens, NYC"
Rockaway Point,"Queens, NYC"
Rosedale,"Queens, NYC"
Roxbury,"Queens, NYC"
St. Albans,"Queens, NYC"
Seaside,"Queens, NYC"
Shea Stadium,"Queens, NYC"
South Ozone Park,"Queens, NYC"
South Richmond Hill,"Queens, NYC"
Springfield Gardens,"Queens, NYC"
Steinway,"Queens, NYC"
Sunnyside,"Queens, NYC"
Terrace Heights,"Queens, NYC"
Trainsmeadow,"Queens, NYC"
Utopia,"Queens, NYC"
Wave Crest,"Queens, NYC"
Whitestone,"Queens, NYC"
Wood Haven,"Queens, NYC"
Woodhaven,"Queens, NYC"
Woodhaven Junction,"Queens, NYC"
Woodside,"Queens, NYC"
Woolsey,"Queens, NYC"
Bath Beach,"Kings, NYC"
Bay,"Kings, NYC"
Bay Ridge,"Kings, NYC"
Bay View,"Kings, NYC"
Bedford,"Kings, NYC"
Bedford-Stuyvesant,"Kings, NYC"
Bensonhurst,"Kings, NYC"
Bergen Beach,"Kings, NYC"
Blythebourne,"Kings, NYC"
Borough Park,"Kings, NYC"
Breukelen,"Kings, NYC"
Brevoort,"Kings, NYC"
Brighton,"Kings, NYC"
Brighton Beach,"Kings, NYC"
Broadway Junction,"Kings, NYC"
Brooklyn,"Kings, NYC"
Brooklyn Heights,"Kings, NYC"
Brooklyn Military Ocean Terminal,"Kings, NYC"
Brooklyn Naval Support Activity,"Kings, NYC"
Brownsville,"Kings, NYC"
Bush Terminal,"Kings, NYC"
Bushwick,"Kings, NYC"
Adelphi,"Kings, NYC"
Atlantic Terminal,"Kings, NYC"
Canarsie,"Kings, NYC"
Classon,"Kings, NYC"
Coney Island,"Kings, NYC"
Cypress Hills,"Kings, NYC"
Dyker Heights,"Kings, NYC"
Eastern Parkway,"Kings, NYC"
East Flatbush,"Kings, NYC"
East New York,"Kings, NYC"
Embarkation,"Kings, NYC"
Farragut,"Kings, NYC"
Flatbush,"Kings, NYC"
Flatlands,"Kings, NYC"
Fort Greene,"Kings, NYC"
Fort Hamilton,"Kings, NYC"
Fort Hamilton,"Kings, NYC"
Fresh Pond,"Kings, NYC"
Fulton Terminal,"Kings, NYC"
Gateway National Recreation Area,"Kings, NYC"
Gerritsen,"Kings, NYC"
Glendale,"Kings, NYC"
Gravesend,"Kings, NYC"
Greenpoint,"Kings, NYC"
Greenwood,"Kings, NYC"
Halsey,"Kings, NYC"
Highlawn,"Kings, NYC"
Homecrest,"Kings, NYC"
Kensington,"Kings, NYC"
Kingsway,"Kings, NYC"
Lefferts,"Kings, NYC"
Livingston,"Kings, NYC"
Luna Park,"Kings, NYC"
Manhattan Beach,"Kings, NYC"
Marcy,"Kings, NYC"
Marlboro,"Kings, NYC"
Metropolitan,"Kings, NYC"
Midwood,"Kings, NYC"
Municipal Building,"Kings, NYC"
Newkirk,"Kings, NYC"
New Lots,"Kings, NYC"
New Utrecht,"Kings, NYC"
New York City,"Kings, NYC"
Nostrand,"Kings, NYC"
Nostrand Avenue,"Kings, NYC"
Ovington,"Kings, NYC"
Parcel Post,"Kings, NYC"
Park Slope,"Kings, NYC"
Parkville,"Kings, NYC"
Pratt,"Kings, NYC"
Prospect Park West,"Kings, NYC"
Red Hook,"Kings, NYC"
Rugby,"Kings, NYC"
Ryder,"Kings, NYC"
St. Johns Place,"Kings, NYC"
Seagate,"Kings, NYC"
Sheepshead Bay,"Kings, NYC"
South Brooklyn,"Kings, NYC"
Spring Creek,"Kings, NYC"
Stuyvesant,"Kings, NYC"
Sunset,"Kings, NYC"
Times Plaza,"Kings, NYC"
Van Brunt,"Kings, NYC"
Vanderveer,"Kings, NYC"
Vanderveer Sta.,"Kings, NYC"
Williamsburg,"Kings, NYC"
Wyckoff Heights,"Kings, NYC"
Willamsburg,"Kings, NYC"
Brighten Beach,"Kings, NYC"
Benshonhurst,"Kings, NYC"
Baychester,"Bronx, NYC"
Bedford Park,"Bronx, NYC"
Botanical,"Bronx, NYC"
Botanical Gardens,"Bronx, NYC"
Boulevard,"Bronx, NYC"
Bronxdale,"Bronx, NYC"
Allerton,"Bronx, NYC"
Castle Hill,"Bronx, NYC"
City Island,"Bronx, NYC"
Claremont Park,"Bronx, NYC"
Clason Point,"Bronx, NYC"
Co-op City,"Bronx, NYC"
Cornell,"Bronx, NYC"
Cranford,"Bronx, NYC"
Crotona Park,"Bronx, NYC"
Dreiser Loop,"Bronx, NYC"
Eastchester,"Bronx, NYC"
East Tremont,"Bronx, NYC"
Edenwald,"Bronx, NYC"
Einstein,"Bronx, NYC"
Esplanade,"Bronx, NYC"
Fieldston,"Bronx, NYC"
Fordham,"Bronx, NYC"
Fort Schuyler,"Bronx, NYC"
Harlem River,"Bronx, NYC"
Hart Island,"Bronx, NYC"
High Bridge,"Bronx, NYC"
Hillside,"Bronx, NYC"
Hub,"Bronx, NYC"
Hunts Point,"Bronx, NYC"
Jerome Avenue,"Bronx, NYC"
Kings Bridge,"Bronx, NYC"
Kings Bridge Heights,"Bronx, NYC"
Locust Point,"Bronx, NYC"
Longwood,"Bronx, NYC"
Melcourt,"Bronx, NYC"
Melrose,"Bronx, NYC"
Melrose Junction,"Bronx, NYC"
Mill Brook,"Bronx, NYC"
Morrisania,"Bronx, NYC"
Morris Heights,"Bronx, NYC"
Morris Park,"Bronx, NYC"
Mosholu,"Bronx, NYC"
Mott Haven,"Bronx, NYC"
Mott Haven Junction,"Bronx, NYC"
Mount Carmel,"Bronx, NYC"
Mount St. Vincent,"Bronx, NYC"
New York City,"Bronx, NYC"
Oak Point,"Bronx, NYC"
Ogden,"Bronx, NYC"
Parkchester,"Bronx, NYC"
Park of Edgewater,"Bronx, NYC"
Parkway,"Bronx, NYC"
Patterson,"Bronx, NYC"
Pelham Parkway,"Bronx, NYC"
Pilgrim,"Bronx, NYC"
Port Morris,"Bronx, NYC"
Riverdale,"Bronx, NYC"
St. Mary's Park,"Bronx, NYC"
Soundview,"Bronx, NYC"
Spuyten Duyvil,"Bronx, NYC"
Stadium,"Bronx, NYC"
Throggs Neck,"Bronx, NYC"
Tremont,"Bronx, NYC"
Unionport,"Bronx, NYC"
University Heights,"Bronx, NYC"
Van Cortlandt,"Bronx, NYC"
Van Cott,"Bronx, NYC"
Van Nest,"Bronx, NYC"
Wakefield,"Bronx, NYC"
Westchester Square,"Bronx, NYC"
Westchester Heights,"Bronx, NYC"
West Farms,"Bronx, NYC"
Williams Bridge,"Bronx, NYC"
Woodlawn,"Bronx, NYC"
MiniVan - Pel,"Bronx, NYC"
Bay Terrace,"Richmond County, NYC"
Belair Road,"Richmond County, NYC"
Bloomfield,"Richmond County, NYC"
Bulls Head,"Richmond County, NYC"
American Dock Terminal,"Richmond County, NYC"
Annadale,"Richmond County, NYC"
Arrochar,"Richmond County, NYC"
Atlantic,"Richmond County, NYC"
Castleton Corners,"Richmond County, NYC"
Charleston,"Richmond County, NYC"
Chelsea,"Richmond County, NYC"
Clifton,"Richmond County, NYC"
Concord,"Richmond County, NYC"
Crescent Beach,"Richmond County, NYC"
Dongan Hills,"Richmond County, NYC"
Egbertville,"Richmond County, NYC"
Elm Park,"Richmond County, NYC"
Eltingville,"Richmond County, NYC"
Emerson Hill,"Richmond County, NYC"
Fort Wadsworth,"Richmond County, NYC"
Fox Hills,"Richmond County, NYC"
Fresh Kills,"Richmond County, NYC"
Gateway National Recreation Area,"Richmond County, NYC"
Graham Beach,"Richmond County, NYC"
Graniteville,"Richmond County, NYC"
Grasmere,"Richmond County, NYC"
Great Kills,"Richmond County, NYC"
Greenridge,"Richmond County, NYC"
Grymes Hill,"Richmond County, NYC"
Gulfport,"Richmond County, NYC"
Hamilton Park,"Richmond County, NYC"
Howland Hook,"Richmond County, NYC"
Huguenot,"Richmond County, NYC"
Linden-Park,"Richmond County, NYC"
Linoleumville,"Richmond County, NYC"
Marine Hospital,"Richmond County, NYC"
Mariners Harbor,"Richmond County, NYC"
Midland Beach,"Richmond County, NYC"
Mount Loretto,"Richmond County, NYC"
New Brighton,"Richmond County, NYC"
New Dorp,"Richmond County, NYC"
New Dorp Beach,"Richmond County, NYC"
New Springville,"Richmond County, NYC"
New York City,"Richmond County, NYC"
Oakwood,"Richmond County, NYC"
Oakwood Beach,"Richmond County, NYC"
Oakwood Heights,"Richmond County, NYC"
Oakwood Heights Station,"Richmond County, NYC"
Old Town,"Richmond County, NYC"
Old Town Station,"Richmond County, NYC"
Pleasant Plains,"Richmond County, NYC"
Port Ivory,"Richmond County, NYC"
Port Richmond,"Richmond County, NYC"
Pouch Terminal,"Richmond County, NYC"
Prince's Bay,"Richmond County, NYC"
Richmond Valley,"Richmond County, NYC"
Rosebank,"Richmond County, NYC"
Rossville,"Richmond County, NYC"
Sailors Snug Harbor,"Richmond County, NYC"
St. George,"Richmond County, NYC"
South Beach,"Richmond County, NYC"
Stapleton,"Richmond County, NYC"
Staten Island,"Richmond County, NYC"
Sunnyside,"Richmond County, NYC"
Terminal,"Richmond County, NYC"
Todt Hill,"Richmond County, NYC"
Tompkinsville,"Richmond County, NYC"
Tottenville,"Richmond County, NYC"
Tower Hill,"Richmond County, NYC"
Travis,"Richmond County, NYC"
United States Public Health Hospital,"Richmond County, NYC"
Westerleigh,"Richmond County, NYC"
West New Brighton,"Richmond County, NYC"
Willowbrook,"Richmond County, NYC"
Woodrow,"Richmond County, NYC"
Staten I,"Richmond County, NYC"
MiniVan - Sta,"Richmond County, NYC"
deluxe - seca,"New Jersey"
Newark,New Jersey
Jersey City,New Jersey
Paterson,New Jersey
Elizabeth,New Jersey
Edison,New Jersey
Woodbridge Township,New Jersey
Lakewood Township,New Jersey
Toms River,New Jersey
Hamilton Township,New Jersey
Trenton,New Jersey
Clifton,New Jersey
Camden,New Jersey
Brick Township,New Jersey
Cherry Hill,New Jersey
Passaic,New Jersey
Middletown Township,New Jersey
Union City,New Jersey
Old Bridge Township,New Jersey
Gloucester Township,New Jersey
East Orange,New Jersey
Bayonne,New Jersey
Franklin Township,New Jersey
North Bergen,New Jersey
Vineland,New Jersey
Union Township,New Jersey
Piscataway,New Jersey
New Brunswick,New Jersey
Jackson Township,New Jersey
Wayne,New Jersey
Irvington,New Jersey
Parsippany-Troy Hills,New Jersey
Howell Township,New Jersey
Perth Amboy,New Jersey
Hoboken,New Jersey
Plainfield,New Jersey
West New York,New Jersey
Washington Township,New Jersey
East Brunswick,New Jersey
Bloomfield,New Jersey
West Orange,New Jersey
Evesham Township,New Jersey
Bridgewater Township,New Jersey
South Brunswick,New Jersey
Egg Harbor Township,New Jersey
Manchester Township,New Jersey
Hackensack,New Jersey
Sayreville,New Jersey
Mount Laurel,New Jersey
Berkeley Township,New Jersey
North Brunswick,New Jersey
Kearny,New Jersey
Linden,New Jersey
Marlboro Township,New Jersey
Teaneck,New Jersey
Atlantic City,New Jersey
Winslow Township,New Jersey
Monroe Township,New Jersey
Manalapan Township,New Jersey
Hillsborough Township,New Jersey
Montclair,New Jersey
Galloway Township,New Jersey
Freehold Township,New Jersey
Monroe Township,New Jersey
Belleville,New Jersey
Pennsauken Township,New Jersey
Ewing Township,New Jersey
Fort Lee,New Jersey
Lawrence Township,New Jersey
Fair Lawn,New Jersey
Willingboro Township,New Jersey
Long Branch,New Jersey
Deptford Township,New Jersey
Garfield,New Jersey
Westfield,New Jersey
City of Orange,New Jersey
Livingston,New Jersey
Voorhees Township,New Jersey
Princeton,New Jersey
Millville,New Jersey
Nutley,New Jersey
Mount Olive Township,New Jersey
Neptune Township,New Jersey
Pemberton Township,New Jersey
Lacey Township,New Jersey
Rahway,New Jersey
Ocean Township,New Jersey
East Windsor Township,New Jersey
West Windsor Township,New Jersey
Englewood,New Jersey
Bergenfield,New Jersey
Bernards Township,New Jersey
Stafford Township,New Jersey
Hamilton Township,New Jersey
Paramus,New Jersey
Wall Township,New Jersey
Mahwah,New Jersey
West Milford,New Jersey
Randolph,New Jersey
Bridgeton,New Jersey
Ridgewood,New Jersey
Rockaway Township,New Jersey
Lodi,New Jersey
Vernon Township,New Jersey
Maplewood,New Jersey
Cliffside Park,New Jersey
Scotch Plains,New Jersey
South Plainfield,New Jersey
Roxbury Township,New Jersey
Medford,New Jersey
Plainsboro Township,New Jersey
Lower Township,New Jersey
Carteret,New Jersey
Cranford,New Jersey
Burlington Township,New Jersey
Morris Township,New Jersey
Montgomery,New Jersey
Raritan Township,New Jersey
North Plainfield,New Jersey
West Deptford Township,New Jersey
Montville,New Jersey
Summit,New Jersey
Hillside,New Jersey
Jefferson Township,New Jersey
Roselle,New Jersey
Barnegat Township,New Jersey
Moorestown,New Jersey
Lyndhurst,New Jersey
Hazlet,New Jersey
Pleasantville,New Jersey
Millburn,New Jersey
Little Egg Harbor Township,New Jersey
Sparta Township,New Jersey
Palisades Park,New Jersey
Elmwood Park,New Jersey
Maple Shade Township,New Jersey
Middle Township,New Jersey
Hawthorne,New Jersey
Glassboro,New Jersey
Washington Township,New Jersey
Morristown,New Jersey
Point Pleasant,New Jersey
Aberdeen Township,New Jersey
Dover,New Jersey
Rutherford,New Jersey
Tinton Falls,New Jersey
Lindenwold,New Jersey
Dumont,New Jersey
Hopewell Township,New Jersey
Delran Township,New Jersey
Franklin Township,New Jersey
Holmdel Township,New Jersey
Wyckoff,New Jersey
Denville Township,New Jersey
New Milford,New Jersey
Secaucus,New Jersey
South Orange Village,New Jersey
Readington Township,New Jersey
Asbury Park,New Jersey
South River,New Jersey
Madison,New Jersey
Springfield Township,New Jersey
Cinnaminson Township,New Jersey
Pequannock Township,New Jersey
North Arlington,New Jersey
Warren Township,New Jersey
Mantua Township,New Jersey
Hopatcong,New Jersey
Phillipsburg,New Jersey
Hammonton,New Jersey
Clark,New Jersey
Haddon Township,New Jersey
Tenafly,New Jersey
Ramsey,New Jersey
Branchburg,New Jersey
Little Falls,New Jersey
Highland Park,New Jersey
Collingswood,New Jersey
Fairview,New Jersey
Hanover Township,New Jersey
Saddle Brook,New Jersey
Robbinsville Township,New Jersey
Middlesex,New Jersey
Harrison,New Jersey
Metuchen,New Jersey
Clinton Township,New Jersey
Pennsville Township,New Jersey
Verona,New Jersey
Roselle Park,New Jersey
Berkeley Heights,New Jersey
Oakland,New Jersey
Ridgefield Park,New Jersey
Eatontown,New Jersey
Lumberton Township,New Jersey
Weehawken,New Jersey
Harrison Township,New Jersey
Cedar Grove,New Jersey
Upper Township,New Jersey
Ringwood,New Jersey
Red Bank,New Jersey
New Providence,New Jersey
Florence Township,New Jersey
Somerville,New Jersey
Freehold Borough,New Jersey
Hasbrouck Heights,New Jersey
Woodland Park,New Jersey
Ocean City,New Jersey
Florham Park,New Jersey
Glen Rock,New Jersey
Haddonfield,New Jersey
Bellmawr,New Jersey
Edgewater,New Jersey
Gloucester City,New Jersey
Bordentown Township,New Jersey
Wantage Township,New Jersey
River Edge,New Jersey
Wallington,New Jersey
Guttenberg,New Jersey
East Hanover Township,New Jersey
Wanaque,New Jersey
Pompton Lakes,New Jersey
Beachwood,New Jersey
Ridgefield,New Jersey
Westwood,New Jersey
Totowa,New Jersey
Somers Point,New Jersey
West Caldwell,New Jersey
Ventnor City,New Jersey
Waterford Township,New Jersey
Little Ferry,New Jersey
Franklin Lakes,New Jersey
Millstone Township,New Jersey
Lincoln Park,New Jersey
Southampton Township,New Jersey
Chatham Township,New Jersey
Bound Brook,New Jersey
Manville,New Jersey
Kinnelon,New Jersey
Pine Hill,New Jersey
Hillsdale,New Jersey
Woolwich Township,New Jersey
Woodbury,New Jersey
Colts Neck Township,New Jersey
Keansburg,New Jersey
Burlington,New Jersey
Hackettstown,New Jersey
River Vale,New Jersey
Waldwick,New Jersey
East Greenwich Township,New Jersey
Maywood,New Jersey
Mount Holly,New Jersey
Brigantine,New Jersey
Pittsgrove Township,New Jersey
Washington Township,New Jersey
Pitman,New Jersey
Chatham Borough,New Jersey
Leonia,New Jersey
East Rutherford,New Jersey
Edgewater Park,New Jersey
Audubon,New Jersey
Westampton Township,New Jersey
Matawan,New Jersey
Long Hill Township,New Jersey
Park Ridge,New Jersey
South Amboy,New Jersey
Northfield,New Jersey
Cresskill,New Jersey
Mansfield Township,New Jersey
Runnemede,New Jersey
Plumsted Township,New Jersey
North Haledon,New Jersey
Absecon,New Jersey
Closter,New Jersey
Byram Township,New Jersey
Boonton,New Jersey
Ocean Township,New Jersey
Haledon,New Jersey
Spotswood,New Jersey
Hardyston Township,New Jersey
Upper Saddle River,New Jersey
Bogota,New Jersey
Clayton,New Jersey
Bedminster,New Jersey
West Long Branch,New Jersey
Riverside Township,New Jersey
Carneys Point Township,New Jersey
Lopatcong Township,New Jersey
Newton,New Jersey
Oradell,New Jersey
Maurice River Township,New Jersey
Kenilworth,New Jersey
Montvale,New Jersey
Chester Township,New Jersey
Caldwell,New Jersey
Mansfield Township,New Jersey
Bernardsville,New Jersey
Chesterfield Township,New Jersey
North Hanover Township,New Jersey
Upper Deerfield Township,New Jersey
Bloomingdale,New Jersey
Wood-Ridge,New Jersey
Berlin,New Jersey
Buena Vista Township,New Jersey
Butler,New Jersey
Glen Ridge,New Jersey
Haddon Heights,New Jersey
Fairfield Township,New Jersey
Emerson,New Jersey
Palmyra,New Jersey
New Hanover Township,New Jersey
Fanwood,New Jersey
Keyport,New Jersey
Dunellen,New Jersey
Green Brook Township,New Jersey
Midland Park,New Jersey
Rumson,New Jersey
Linwood,New Jersey
Stratford,New Jersey
Barrington,New Jersey
Tabernacle Township,New Jersey
Upper Freehold Township,New Jersey
Milltown,New Jersey
Raritan,New Jersey
Mountainside,New Jersey
Washington Township,New Jersey
Lebanon Township,New Jersey
Wharton,New Jersey
Allendale,New Jersey
Shamong Township,New Jersey
Dennis Township,New Jersey
Washington,New Jersey
Rockaway,New Jersey
Margate City,New Jersey
Andover Township,New Jersey
Fairfield Township,New Jersey
Union Beach,New Jersey
North Caldwell,New Jersey
Mullica Township,New Jersey
Carlstadt,New Jersey
Fair Haven,New Jersey
Hainesport Township,New Jersey
Paulsboro,New Jersey
Eastampton Township,New Jersey
Logan Township,New Jersey
Tewksbury Township,New Jersey
Blairstown,New Jersey
Little Silver,New Jersey
Jamesburg,New Jersey
Union Township,New Jersey
Manasquan,New Jersey
Mendham Township,New Jersey
Prospect Park,New Jersey
Oceanport,New Jersey
Roseland,New Jersey
Watchung,New Jersey
Belmar,New Jersey
Old Tappan,New Jersey
Woodcliff Lake,New Jersey
Greenwich Township,New Jersey
Norwood,New Jersey
Independence Township,New Jersey
Frankford Township,New Jersey
Morris Plains,New Jersey
Rochelle Park,New Jersey
Hightstown,New Jersey
Berlin Township,New Jersey
Wildwood,New Jersey
Holland Township,New Jersey
Englewood Cliffs,New Jersey
Hampton Township,New Jersey
Commercial Township,New Jersey
Somerdale,New Jersey
Penns Grove,New Jersey
Salem,New Jersey
Mount Arlington,New Jersey
Franklin,New Jersey
Highlands,New Jersey
Clementon,New Jersey
Mendham Borough,New Jersey
Alexandria Township,New Jersey
Greenwich Township,New Jersey
White Township,New Jersey
Demarest,New Jersey
Neptune City,New Jersey
Brielle,New Jersey
Spring Lake Heights,New Jersey
Mount Ephraim,New Jersey
Point Pleasant Beach,New Jersey
Harrington Park,New Jersey
Northvale,New Jersey
Buena,New Jersey
Flemington,New Jersey
Hopewell Township,New Jersey
Delaware Township,New Jersey
South Bound Brook,New Jersey
Atlantic Highlands,New Jersey
Magnolia,New Jersey
Allamuchy Township,New Jersey
Bradley Beach,New Jersey
Westville,New Jersey
Delanco Township,New Jersey
Boonton Township,New Jersey
Egg Harbor City,New Jersey
Garwood,New Jersey
Elk Township,New Jersey
Mountain Lakes,New Jersey
Medford Lakes,New Jersey
Stillwater Township,New Jersey
Ho-Ho-Kus,New Jersey
North Wildwood,New Jersey
Oaklyn,New Jersey
Pilesgrove Township,New Jersey
East Amwell Township,New Jersey
Bethlehem Township,New Jersey
Bordentown,New Jersey
Lambertville,New Jersey
Cranbury,New Jersey
Montague Township,New Jersey
Kingwood Township,New Jersey
West Amwell Township,New Jersey
Harding Township,New Jersey
Merchantville,New Jersey
Shrewsbury,New Jersey
South Toms River,New Jersey
Mine Hill Township,New Jersey
High Bridge,New Jersey
Stanhope,New Jersey
Cape May,New Jersey
Green Township,New Jersey
Riverdale,New Jersey
Upper Pittsgrove Township,New Jersey
Woodstown,New Jersey
Alloway Township,New Jersey
Fredon Township,New Jersey
Springfield Township,New Jersey
Haworth,New Jersey
Tuckerton,New Jersey
Pohatcong Township,New Jersey
Lawrence Township,New Jersey
Monmouth Beach,New Jersey
Hamburg,New Jersey
Wildwood Crest,New Jersey
Netcong,New Jersey
Franklin Township,New Jersey
Franklin Township,New Jersey
South Harrison Township,New Jersey
Saddle River,New Jersey
Deerfield Township,New Jersey
Knowlton Township,New Jersey
Woodbury Heights,New Jersey
Long Beach Township,New Jersey
National Park,New Jersey
Spring Lake,New Jersey
Woodlynne,New Jersey
Lawnside,New Jersey
Liberty Township,New Jersey
Seaside Heights,New Jersey
Riverton,New Jersey
Clinton,New Jersey
Weymouth Township,New Jersey
Moonachie,New Jersey
Belvidere,New Jersey
Harmony Township,New Jersey
Quinton Township,New Jersey
Lakehurst,New Jersey
Pennington,New Jersey
Swedesboro,New Jersey
Peapack and Gladstone,New Jersey
Beverly,New Jersey
Lafayette Township,New Jersey
Oxford Township,New Jersey
Woodbine,New Jersey
Ogdensburg,New Jersey
East Newark,New Jersey
South Hackensack,New Jersey
Alpha,New Jersey
Wenonah,New Jersey
Gibbsboro,New Jersey
Frelinghuysen Township,New Jersey
Helmetta,New Jersey
Sussex,New Jersey
Pine Beach,New Jersey
Sea Isle City,New Jersey
Essex Fells,New Jersey
Ocean Gate,New Jersey
Sandyston Township,New Jersey
Brooklawn,New Jersey
Hope Township,New Jersey
Hopewell,New Jersey
Laurel Springs,New Jersey
Avon-by-the-Sea,New Jersey
Folsom,New Jersey
Lavallette,New Jersey
Alpine,New Jersey
Englishtown,New Jersey
Allentown,New Jersey
Sea Girt,New Jersey
Mannington Township,New Jersey
Woodland Township,New Jersey
Oldmans Township,New Jersey
Lower Alloways Creek Township,New Jersey
Lake Como,New Jersey
Estell Manor,New Jersey
Glen Gardner,New Jersey
Hardwick Township,New Jersey
Island Heights,New Jersey
Chester Borough,New Jersey
Chesilhurst,New Jersey
Eagleswood Township,New Jersey
Downe Township,New Jersey
Seaside Park,New Jersey
Newfield,New Jersey
Victory Gardens,New Jersey
Winfield Township,New Jersey
Bass River Township,New Jersey
Stow Creek Township,New Jersey
Sea Bright,New Jersey
Pemberton,New Jersey
Hampton,New Jersey
Elmer,New Jersey
Frenchtown,New Jersey
Lebanon,New Jersey
Avalon,New Jersey
Farmingdale,New Jersey
Milford,New Jersey
Surf City,New Jersey
Beach Haven,New Jersey
Ship Bottom,New Jersey
Shrewsbury Township,New Jersey
Port Republic,New Jersey
Califon,New Jersey
Elsinboro Township,New Jersey
West Cape May,New Jersey
Audubon Park,New Jersey
Bay Head,New Jersey
Far Hills,New Jersey
Longport,New Jersey
Roosevelt,New Jersey
Bloomsbury,New Jersey
Hi-Nella,New Jersey
Stone Harbor,New Jersey
Branchville,New Jersey
Interlaken,New Jersey
Greenwich Township,New Jersey
Wrightstown,New Jersey
Deal,New Jersey
Washington Township,New Jersey
Rocky Hill,New Jersey
Andover,New Jersey
West Wildwood,New Jersey
Barnegat Light,New Jersey
Fieldsboro,New Jersey
Stockton,New Jersey
Rockleigh,New Jersey
Shiloh,New Jersey
Allenhurst,New Jersey
Corbin City,New Jersey
Millstone,New Jersey
Harvey Cedars,New Jersey
Mantoloking,New Jersey
Cape May Point,New Jersey
Loch Arbour,New Jersey
Teterboro,New Jersey
Walpack Township,New Jersey
Pine Valley,New Jersey
Tavistock,New Jersey
Short Hills,New Jersey
Bernards,New Jersey
Meadowlands,New Jersey
Denville,New Jersey
Freehold,New Jersey
Monmouth,New Jersey
Chatnam,New Jersey
Chatham,New Jersey
Hardyston,New Jersey
Towaco,New Jersey
Holmdel,New Jersey
Belle Mead,New Jersey
Manalapan,New Jersey
Neptune,New Jersey
Pleasant Beach,New Jersey
MiniVan - Mid,New Jersey
MiniVan - Edi,New Jersey
MiniVan - Wee,New Jersey
MiniVan - Cre,New Jersey
MiniVan - Den,New Jersey
Whippany,New Jersey
Columbus,New Jersey
Haskell,New Jersey
MiniVan - Jer,New Jersey
Iselin,New Jersey
Springfield,New Jersey
Manahawkin,New Jersey
Parsippany,New Jersey
Rivervale,New Jersey
Bergen County,New Jersey
Banksville,"Westchester, NY"
Bayberry Park,"Westchester, NY"
Bedford,"Westchester, NY"
Bedford,"Westchester, NY"
Bedford Center,"Westchester, NY"
Bedford Hills,"Westchester, NY"
Beech Hill,"Westchester, NY"
Beechmont,"Westchester, NY"
Beechmont,"Westchester, NY"
Beechmont Woods,"Westchester, NY"
Bonnie Crest,"Westchester, NY"
Boutonville,"Westchester, NY"
Briarcliff Manor,"Westchester, NY"
Bronxville,"Westchester, NY"
Bronxville Heights,"Westchester, NY"
Bryn Mawr Park,"Westchester, NY"
Buchanan,"Westchester, NY"
Buckhout Corners,"Westchester, NY"
Butlerville,"Westchester, NY"
Amawalk,"Westchester, NY"
Andrea Park Estates,"Westchester, NY"
Annsville,"Westchester, NY"
Archville,"Westchester, NY"
Ardsley,"Westchester, NY"
Ardsley-on-Hudson,"Westchester, NY"
Armawalk,"Westchester, NY"
Armonk,"Westchester, NY"
Arthur Manor,"Westchester, NY"
Castle,"Westchester, NY"
Cecil Park,"Westchester, NY"
Cedar Knolls,"Westchester, NY"
Central White Plains,"Westchester, NY"
Centuck,"Westchester, NY"
Chapel Hill Estates,"Westchester, NY"
Chappaqua,"Westchester, NY"
Chauncey,"Westchester, NY"
Chester Heights,"Westchester, NY"
Chester Hill Park,"Westchester, NY"
Chimney Corners,"Westchester, NY"
Colonial Acres,"Westchester, NY"
Colonial Heights,"Westchester, NY"
Continental Village,"Westchester, NY"
Cortlandt,"Westchester, NY"
Cortlandt Manor,"Westchester, NY"
Country Ridge Estates,"Westchester, NY"
Crestwood,"Westchester, NY"
Crestwood,"Westchester, NY"
Crestwood Gardens,"Westchester, NY"
Crompond,"Westchester, NY"
Cross River,"Westchester, NY"
Cross Roads Estates,"Westchester, NY"
Croton Falls,"Westchester, NY"
Croton-Harmon,"Westchester, NY"
Croton Heights,"Westchester, NY"
Croton North,"Westchester, NY"
Croton-on-Hudson,"Westchester, NY"
Crotonville,"Westchester, NY"
Crugers,"Westchester, NY"
Dobbs Ferry,"Westchester, NY"
Dunwoodie,"Westchester, NY"
Dunwoodie Heights,"Westchester, NY"
East,"Westchester, NY"
Eastchester,"Westchester, NY"
Eastchester,"Westchester, NY"
East Irvington,"Westchester, NY"
Eastview,"Westchester, NY"
East White Plains,"Westchester, NY"
East Woods,"Westchester, NY"
Edgemont,"Westchester, NY"
Elmsford,"Westchester, NY"
Elmsmere,"Westchester, NY"
Elsmere,"Westchester, NY"
Fairview,"Westchester, NY"
Fleetwood,"Westchester, NY"
Forest Knolls,"Westchester, NY"
Fox Meadow,"Westchester, NY"
Furnace Woods,"Westchester, NY"
Gallows Hill,"Westchester, NY"
Gay Ridge Estates,"Westchester, NY"
Gedney,"Westchester, NY"
Glendale,"Westchester, NY"
Glenville,"Westchester, NY"
Glenwood,"Westchester, NY"
Golden's Bridge,"Westchester, NY"
Graham,"Westchester, NY"
Granite Springs,"Westchester, NY"
Grant Corner,"Westchester, NY"
Gray Oaks,"Westchester, NY"
Greenburgh,"Westchester, NY"
Greenhaven,"Westchester, NY"
Greenville,"Westchester, NY"
Grey Oaks,"Westchester, NY"
Greystone,"Westchester, NY"
Gunther Park,"Westchester, NY"
Harmon-on-Hudson,"Westchester, NY"
Harrison,"Westchester, NY"
Harrison,"Westchester, NY"
Hartsdale,"Westchester, NY"
Hastings-on-Hudson,"Westchester, NY"
Hawthorne,"Westchester, NY"
Heathcote,"Westchester, NY"
Heathcote,"Westchester, NY"
Heath Ridge,"Westchester, NY"
Heritage Hills,"Westchester, NY"
Homestead Park,"Westchester, NY"
Horseshoe Hill,"Westchester, NY"
Horton Estates,"Westchester, NY"
Hudson,"Westchester, NY"
Hudson Terrace,"Westchester, NY"
Huguenot Park,"Westchester, NY"
Irvington,"Westchester, NY"
Isle of San Souci,"Westchester, NY"
Jefferson Valley,"Westchester, NY"
Jefferson Valley-Yorktown,"Westchester, NY"
Katonah,"Westchester, NY"
Kensico Cemetery,"Westchester, NY"
Kisco Park,"Westchester, NY"
Kitchawan,"Westchester, NY"
Lakehurst,"Westchester, NY"
Lake Katonah,"Westchester, NY"
Lake Kitchawan,"Westchester, NY"
Lake Lincolndale,"Westchester, NY"
Lake Mohegan,"Westchester, NY"
Lake Osceola,"Westchester, NY"
Lake Purdy,"Westchester, NY"
Lake Shenorock,"Westchester, NY"
Larchmont,"Westchester, NY"
Larchmont Gardens,"Westchester, NY"
Larchmont Manor,"Westchester, NY"
Larchmont North,"Westchester, NY"
Lawrence Farms,"Westchester, NY"
Lawrence Park,"Westchester, NY"
Lewisboro,"Westchester, NY"
Lewisboro,"Westchester, NY"
Lincoln,"Westchester, NY"
Lincolndale,"Westchester, NY"
Lowerre,"Westchester, NY"
Ludlow,"Westchester, NY"
McLean Heights,"Westchester, NY"
Mamaroneck,"Westchester, NY"
Manhattan Park,"Westchester, NY"
Maplewood,"Westchester, NY"
Mariandale,"Westchester, NY"
Maryknoll,"Westchester, NY"
Marymount,"Westchester, NY"
Marymount College,"Westchester, NY"
Millwood,"Westchester, NY"
Milton,"Westchester, NY"
Mohegan Heights,"Westchester, NY"
Mohegan Lake,"Westchester, NY"
Montrose,"Westchester, NY"
Mount Airy,"Westchester, NY"
Mount Hope,"Westchester, NY"
Mount Kisco,"Westchester, NY"
Mount Kisco,"Westchester, NY"
Mount Pleasant,"Westchester, NY"
Mount Pleasant,"Westchester, NY"
Mount Pleasant Cemetery,"Westchester, NY"
Mount Vernon,"Westchester, NY"
Mount Vernon West,"Westchester, NY"
Murdock Woods,"Westchester, NY"
Murray Hill,"Westchester, NY"
Nepera Park,"Westchester, NY"
Nepperhan,"Westchester, NY"
New Castle,"Westchester, NY"
New Rochelle,"Westchester, NY"
North,"Westchester, NY"
North Castle,"Westchester, NY"
North Larchmont,"Westchester, NY"
North Pelham,"Westchester, NY"
North Salem,"Westchester, NY"
North Tarrytown,"Westchester, NY"
North White Plains,"Westchester, NY"
North Yonkers,"Westchester, NY"
Oceola Lake,"Westchester, NY"
Orienta,"Westchester, NY"
Oscawana,"Westchester, NY"
Ossining,"Westchester, NY"
Ossining,"Westchester, NY"
Park Hill,"Westchester, NY"
Parkside,"Westchester, NY"
Peach Lake,"Westchester, NY"
Peekskill,"Westchester, NY"
Pelham,"Westchester, NY"
Pelham,"Westchester, NY"
Pelham Manor,"Westchester, NY"
Philipse Manor,"Westchester, NY"
Pinebrook,"Westchester, NY"
Pinebrook Heights,"Westchester, NY"
Pine Ridge Estates,"Westchester, NY"
Pleasantside,"Westchester, NY"
Pleasantville,"Westchester, NY"
Pocantico Hills,"Westchester, NY"
Port Chester,"Westchester, NY"
Pound Ridge,"Westchester, NY"
Pound Ridge,"Westchester, NY"
Purchase,"Westchester, NY"
Purdys,"Westchester, NY"
Purdys Grove,"Westchester, NY"
Purdy Station,"Westchester, NY"
Quaker Ridge,"Westchester, NY"
Quarry Heights,"Westchester, NY"
Residence Park,"Westchester, NY"
Ridgeway,"Westchester, NY"
Rochelle Heights,"Westchester, NY"
Rochelle Park,"Westchester, NY"
Roe Park,"Westchester, NY"
Rosedale,"Westchester, NY"
Rye,"Westchester, NY"
Rye Brook,"Westchester, NY"
Rye Hills-Rye Brook,"Westchester, NY"
Salem Center,"Westchester, NY"
Sandford Boulevard,"Westchester, NY"
Sarles Corners,"Westchester, NY"
Scarborough,"Westchester, NY"
Scarsdale,"Westchester, NY"
Scarsdale (New Rochelle),"Westchester, NY"
Scarsdale Downs,"Westchester, NY"
Scarsdale Park,"Westchester, NY"
Scotts Corners,"Westchester, NY"
Secor Gardens,"Westchester, NY"
Shenorock,"Westchester, NY"
Sherman Park,"Westchester, NY"
Shore Acres,"Westchester, NY"
Shrub Oak,"Westchester, NY"
Sky Meadow Farms,"Westchester, NY"
Sleepy Hollow,"Westchester, NY"
Sleepy Hollow Manor,"Westchester, NY"
Somers,"Westchester, NY"
Somers,"Westchester, NY"
Somers Town,"Westchester, NY"
South,"Westchester, NY"
South Salem,"Westchester, NY"
Sparkle Lake,"Westchester, NY"
Sparta,"Westchester, NY"
Spring Valley,"Westchester, NY"
Stanwood,"Westchester, NY"
Stillwater Hill,"Westchester, NY"
Sun Haven,"Westchester, NY"
Sunny Brae,"Westchester, NY"
Tarrytown,"Westchester, NY"
Tarrytown Heights,"Westchester, NY"
Thornwood,"Westchester, NY"
Toddville,"Westchester, NY"
Tompkins Corners,"Westchester, NY"
Truesdale Lake,"Westchester, NY"
Tuckahoe,"Westchester, NY"
Twin Lakes Village,"Westchester, NY"
Valhalla,"Westchester, NY"
Valley Pond Estates,"Westchester, NY"
Van Cortlandtville,"Westchester, NY"
Vernon Park,"Westchester, NY"
Verplanck,"Westchester, NY"
Victory Park,"Westchester, NY"
Vista,"Westchester, NY"
Waccabuc,"Westchester, NY"
Waverly,"Westchester, NY"
Westchester County Airport,"Westchester, NY"
West Harrison,"Westchester, NY"
West Mount Vernon,"Westchester, NY"
Whippoorwill,"Westchester, NY"
White Birches,"Westchester, NY"
Whitehall Corners,"Westchester, NY"
White Plains,"Westchester, NY"
Wilmot Woods,"Westchester, NY"
Wilson Park,"Westchester, NY"
Windmill Farm,"Westchester, NY"
Woodlands,"Westchester, NY"
Woodybrook,"Westchester, NY"
Worthington,"Westchester, NY"
Wykagyl,"Westchester, NY"
Wykagyl Park,"Westchester, NY"
Yonkers,"Westchester, NY"
Yorktown,"Westchester, NY"
Yorktown Heights,"Westchester, NY"
Westchester Airport,"Westchester, NY"
Kisco,"Westchester, NY"
Crompound,"Westchester, NY"
MiniVan - Yor,"Westchester, NY"
Andover,Connecticut
Ansonia,Connecticut
Ashford,Connecticut
Avon,Connecticut
Barkhamsted,Connecticut
Beacon Falls,Connecticut
Berlin,Connecticut
Bethany,Connecticut
Bethel,Connecticut
Bethlehem,Connecticut
Bloomfield,Connecticut
Bolton,Connecticut
Bozrah,Connecticut
Branford,Connecticut
Bridgeport,Connecticut
Bridgewater,Connecticut
Bristol,Connecticut
Brookfield,Connecticut
Brooklyn,Connecticut
Burlington,Connecticut
Canaan,Connecticut
Canterbury,Connecticut
Canton,Connecticut
Chaplin,Connecticut
Cheshire,Connecticut
Clinton,Connecticut
Colchester,Connecticut
Colebrook,Connecticut
Columbia,Connecticut
Cornwall,Connecticut
Coventry,Connecticut
Cromwell,Connecticut
Danbury,Connecticut
Darien,Connecticut
Deep River,Connecticut
Derby,Connecticut
Durham,Connecticut
East Granby,Connecticut
East Haddam,Connecticut
East Hampton,Connecticut
East Hartford,Connecticut
East Haven,Connecticut
East Lyme,Connecticut
East Windsor,Connecticut
Eastford,Connecticut
Easton,Connecticut
Ellington,Connecticut
Enfield,Connecticut
Essex,Connecticut
Fairfield,Connecticut
Farmington,Connecticut
Franklin,Connecticut
Glastonbury,Connecticut
Goshen,Connecticut
Granby,Connecticut
Greenwich,Connecticut
Griswold,Connecticut
Groton,Connecticut
Guilford,Connecticut
Haddam,Connecticut
Hamden,Connecticut
Hampton,Connecticut
Hartford,Connecticut
Hartland,Connecticut
Harwinton,Connecticut
Hebron,Connecticut
Kent,Connecticut
Killingly,Connecticut
Killingworth,Connecticut
Lebanon,Connecticut
Ledyard,Connecticut
Lisbon,Connecticut
Litchfield,Connecticut
Lyme,Connecticut
Madison,Connecticut
Manchester,Connecticut
Mansfield,Connecticut
Marlborough,Connecticut
Meriden,Connecticut
Middlebury,Connecticut
Middlefield,Connecticut
Middletown,Connecticut
Milford,Connecticut
Monroe,Connecticut
Montville,Connecticut
Morris,Connecticut
Naugatuck,Connecticut
New Britain,Connecticut
New Canaan,Connecticut
New Fairfield,Connecticut
New Hartford,Connecticut
New Haven,Connecticut
New London,Connecticut
New Milford,Connecticut
Newington,Connecticut
Newtown,Connecticut
Norfolk,Connecticut
North Branford,Connecticut
North Canaan,Connecticut
North Haven,Connecticut
North Stonington,Connecticut
Norwalk,Connecticut
Norwich,Connecticut
Old Lyme,Connecticut
Old Saybrook,Connecticut
Orange,Connecticut
Oxford,Connecticut
Plainfield,Connecticut
Plainville,Connecticut
Plymouth,Connecticut
Pomfret,Connecticut
Portland,Connecticut
Preston,Connecticut
Prospect,Connecticut
Putnam,Connecticut
Redding,Connecticut
Ridgefield,Connecticut
Rocky Hill,Connecticut
Roxbury,Connecticut
Salem,Connecticut
Salisbury,Connecticut
Scotland,Connecticut
Seymour,Connecticut
Sharon,Connecticut
Shelton,Connecticut
Sherman,Connecticut
Simsbury,Connecticut
Somers,Connecticut
South Windsor,Connecticut
Southbury,Connecticut
Southington,Connecticut
Sprague,Connecticut
Stafford,Connecticut
Stamford,Connecticut
Sterling,Connecticut
Stonington,Connecticut
Stratford,Connecticut
Suffield,Connecticut
Thomaston,Connecticut
Thompson,Connecticut
Tolland,Connecticut
Torrington,Connecticut
Trumbull,Connecticut
Union,Connecticut
Vernon,Connecticut
Voluntown,Connecticut
Wallingford,Connecticut
Warren,Connecticut
Washington,Connecticut
Waterbury,Connecticut
Waterford,Connecticut
Watertown,Connecticut
West Hartford,Connecticut
West Haven,Connecticut
Westbrook,Connecticut
Weston,Connecticut
Westport,Connecticut
Wethersfield,Connecticut
Willington,Connecticut
Wilton,Connecticut
Winchester,Connecticut
Windham,Connecticut
Windsor,Connecticut
Windsor Locks,Connecticut
Wolcott,Connecticut
Woodbridge,Connecticut
Woodbury,Connecticut
Woodstock,Connecticut
Cos Cob,Connecticut
Deluxe - Midd,Connecticut
MiniVan - Gre,Connecticut
Beckers Corners,"Albany County, NY"
Berne,"Albany County, NY"
Berne,"Albany County, NY"
Bethlehem,"Albany County, NY"
Bethlehem Center,"Albany County, NY"
Bethlehem Heights,"Albany County, NY"
Boght Corners,"Albany County, NY"
Burns-Whitney Estates,"Albany County, NY"
Academy,"Albany County, NY"
Albany County Airport,"Albany County, NY"
Albany Medical Center,"Albany County, NY"
Alcove,"Albany County, NY"
Altamont,"Albany County, NY"
Aquetuck,"Albany County, NY"
Callanans Corners,"Albany County, NY"
Capitol,"Albany County, NY"
Capitol Annex,"Albany County, NY"
Carmen,"Albany County, NY"
Cedar Hill,"Albany County, NY"
Clarksville,"Albany County, NY"
Coeymans,"Albany County, NY"
Coeymans,"Albany County, NY"
Coeymans Hollow,"Albany County, NY"
Cohoes,"Albany County, NY"
Cold Brook Estates,"Albany County, NY"
Colonial Acres,"Albany County, NY"
Colonie,"Albany County, NY"
Colonie,"Albany County, NY"
Colonie-Schenectady,"Albany County, NY"
Colonie-Watervliet,"Albany County, NY"
Cooksburg,"Albany County, NY"
Crescent,"Albany County, NY"
Crescent Station,"Albany County, NY"
Crystal Lake,"Albany County, NY"
Delaware,"Albany County, NY"
Delmar,"Albany County, NY"
Dormansville,"Albany County, NY"
Dunnsville,"Albany County, NY"
Dunsbach Ferry,"Albany County, NY"
East Berne,"Albany County, NY"
East Township,"Albany County, NY"
Elsmere,"Albany County, NY"
Empire State Plaza,"Albany County, NY"
Fairfield Gardens,"Albany County, NY"
Fair Grounds,"Albany County, NY"
Fairlawn Estates,"Albany County, NY"
Feura Bush,"Albany County, NY"
Glenmont,"Albany County, NY"
Green Island,"Albany County, NY"
Green Island,"Albany County, NY"
Guilderland,"Albany County, NY"
Guilderland,"Albany County, NY"
Guilderland Center,"Albany County, NY"
Guilderland Gardens,"Albany County, NY"
Hartmans Corners,"Albany County, NY"
Houcks Corners,"Albany County, NY"
Hurtsville,"Albany County, NY"
Karlsfeld,"Albany County, NY"
Karner,"Albany County, NY"
Keefers Corners,"Albany County, NY"
Kenwood,"Albany County, NY"
Knox,"Albany County, NY"
Knox,"Albany County, NY"
Lakeside Park,"Albany County, NY"
Lambs Corner,"Albany County, NY"
Latham,"Albany County, NY"
Lindbergh Court,"Albany County, NY"
Lisha Kill,"Albany County, NY"
Loudonville,"Albany County, NY"
Lynwood Estates,"Albany County, NY"
McCormack Corners,"Albany County, NY"
McKown Park,"Albany County, NY"
McKownville,"Albany County, NY"
McKownville Estates,"Albany County, NY"
Mannville,"Albany County, NY"
Maplewood,"Albany County, NY"
Maywood,"Albany County, NY"
Meadowdale,"Albany County, NY"
Medusa,"Albany County, NY"
Menands,"Albany County, NY"
Mohawk View,"Albany County, NY"
New Salem,"Albany County, NY"
New Scotland,"Albany County, NY"
Newtonville,"Albany County, NY"
Normansville,"Albany County, NY"
North Bethlehem,"Albany County, NY"
Onesquethaw,"Albany County, NY"
Parkers Corners,"Albany County, NY"
Patroon,"Albany County, NY"
Pine,"Albany County, NY"
Pinegrove Park,"Albany County, NY"
Pine Ridge,"Albany County, NY"
Potter Hollow,"Albany County, NY"
Preston Hollow,"Albany County, NY"
Preston-Potter Hollow,"Albany County, NY"
Quail,"Albany County, NY"
Ravena,"Albany County, NY"
Ravenwood,"Albany County, NY"
Reidsville,"Albany County, NY"
Rensselaerville,"Albany County, NY"
Roessleville,"Albany County, NY"
St. Bernardine of Sienna College,"Albany County, NY"
Selkirk,"Albany County, NY"
Selkirk Junction,"Albany County, NY"
Shakers,"Albany County, NY"
Siena,"Albany County, NY"
Slingerlands,"Albany County, NY"
Smiths Corner,"Albany County, NY"
South Albany,"Albany County, NY"
South Berne,"Albany County, NY"
South Bethlehem,"Albany County, NY"
South Westerlo,"Albany County, NY"
Spawn Hollow,"Albany County, NY"
Stanford Heights,"Albany County, NY"
Tarrytown,"Albany County, NY"
Thompsons Lake,"Albany County, NY"
Triangle Lake,"Albany County, NY"
Unionville,"Albany County, NY"
Verdoy,"Albany County, NY"
Voorheesville,"Albany County, NY"
Watervliet,"Albany County, NY"
Watervliet Arsenal,"Albany County, NY"
Wemple,"Albany County, NY"
West Albany,"Albany County, NY"
West Berne,"Albany County, NY"
Westerlo,"Albany County, NY"
Western Pine Knolls,"Albany County, NY"
West Lathham,"Albany County, NY"
Westlawn,"Albany County, NY"
Westmere,"Albany County, NY"
Westmore Estates,"Albany County, NY"
West Township,"Albany County, NY"
Whitney Estates,"Albany County, NY"
Wolf Hill,"Albany County, NY"
Ghent,"Columbia, NY"
Hobart,"Delaware, NY"
Hancock,"Delaware, NY"
Bains Corner,"Dutchess, NY"
Bangall,"Dutchess, NY"
Barnegat,"Dutchess, NY"
Barrytown,"Dutchess, NY"
Beacon,"Dutchess, NY"
Beacon Hill,"Dutchess, NY"
Beekman,"Dutchess, NY"
Beekman,"Dutchess, NY"
Bethel,"Dutchess, NY"
Billings,"Dutchess, NY"
Brinckerhoff,"Dutchess, NY"
Brockway,"Dutchess, NY"
Bulls Head,"Dutchess, NY"
Appalachian National Scenic Trail,"Dutchess, NY"
Amenia,"Dutchess, NY"
Amenia Union,"Dutchess, NY"
Annandale-on-Hudson,"Dutchess, NY"
Arlington,"Dutchess, NY"
Arthursburg,"Dutchess, NY"
Attlebury,"Dutchess, NY"
Camby,"Dutchess, NY"
Castle Point,"Dutchess, NY"
Chelsea,"Dutchess, NY"
Chestnut Ridge,"Dutchess, NY"
Clark Heights,"Dutchess, NY"
Clinton,"Dutchess, NY"
Clinton Corners,"Dutchess, NY"
Clinton Hollow,"Dutchess, NY"
Clove,"Dutchess, NY"
Clove Valley,"Dutchess, NY"
Cokertown,"Dutchess, NY"
Coleman Station,"Dutchess, NY"
College Park,"Dutchess, NY"
Colonial Heights,"Dutchess, NY"
Cottam Hill,"Dutchess, NY"
Crown Heights,"Dutchess, NY"
DeWitt Mills,"Dutchess, NY"
Diddell,"Dutchess, NY"
Dogtail Corners,"Dutchess, NY"
Dover,"Dutchess, NY"
Dover Furnace,"Dutchess, NY"
Dover Plains,"Dutchess, NY"
Dutchess Junction,"Dutchess, NY"
East Bend Park,"Dutchess, NY"
East Fishkill,"Dutchess, NY"
East Fishkill,"Dutchess, NY"
East Park,"Dutchess, NY"
Eighmyville,"Dutchess, NY"
Eleanor Roosevelt National Historic Site,"Dutchess, NY"
Fairview,"Dutchess, NY"
Fishkill,"Dutchess, NY"
Fishkill,"Dutchess, NY"
Fishkill Plains,"Dutchess, NY"
Fraleighs,"Dutchess, NY"
Freedom Plains,"Dutchess, NY"
Gayhead,"Dutchess, NY"
Glenham,"Dutchess, NY"
Green Haven,"Dutchess, NY"
Greer Childrens Home,"Dutchess, NY"
Gretna,"Dutchess, NY"
Groveville,"Dutchess, NY"
Hammertown,"Dutchess, NY"
Haviland,"Dutchess, NY"
Hibernia,"Dutchess, NY"
Hillis,"Dutchess, NY"
Hillis Terrace,"Dutchess, NY"
Hillside Lake,"Dutchess, NY"
Holmes,"Dutchess, NY"
Home of Franklin D Roosevelt National Historic Site,"Dutchess, NY"
Hope Farm,"Dutchess, NY"
Hopewell,"Dutchess, NY"
Hopewell Junction,"Dutchess, NY"
Hospital Station,"Dutchess, NY"
Hughsonville,"Dutchess, NY"
Hurd Corners,"Dutchess, NY"
Hyde Park,"Dutchess, NY"
Imperial Plaza,"Dutchess, NY"
Irondale,"Dutchess, NY"
Jackson Corners,"Dutchess, NY"
Kerleys Corners,"Dutchess, NY"
Knapps Corner,"Dutchess, NY"
Lafayetteville,"Dutchess, NY"
La Grange,"Dutchess, NY"
Lagrangeville,"Dutchess, NY"
Leedsville,"Dutchess, NY"
Linden Acres,"Dutchess, NY"
Lithgow,"Dutchess, NY"
Little Falls,"Dutchess, NY"
Littlerest,"Dutchess, NY"
Lomala,"Dutchess, NY"
Mabbettsville,"Dutchess, NY"
MacDonnell Heights,"Dutchess, NY"
McIntyre,"Dutchess, NY"
Manchester Bridge,"Dutchess, NY"
Market,"Dutchess, NY"
Matteawan,"Dutchess, NY"
Matteawan State Hospital,"Dutchess, NY"
Milan,"Dutchess, NY"
Milan,"Dutchess, NY"
Millbrook,"Dutchess, NY"
Millbrook Heights,"Dutchess, NY"
Millerton,"Dutchess, NY"
Moores Mill,"Dutchess, NY"
Mount Riga,"Dutchess, NY"
Mount Ross,"Dutchess, NY"
Myers Corner,"Dutchess, NY"
Netherwood,"Dutchess, NY"
New Hackensack,"Dutchess, NY"
New Hamburg,"Dutchess, NY"
Norrie Heights,"Dutchess, NY"
North Clove,"Dutchess, NY"
North East,"Dutchess, NY"
Northeast Center,"Dutchess, NY"
Noxon,"Dutchess, NY"
Oak Summit,"Dutchess, NY"
Oniad Lake,"Dutchess, NY"
Oniontown,"Dutchess, NY"
Pachin Mills,"Dutchess, NY"
Pawling,"Dutchess, NY"
Pawling,"Dutchess, NY"
Pecksville,"Dutchess, NY"
Pine Plains,"Dutchess, NY"
Pine Plains,"Dutchess, NY"
Pleasant Plains,"Dutchess, NY"
Pleasant Ridge,"Dutchess, NY"
Pleasant Valley (town),"Dutchess, NY"
Pleasant Valley (hamlet),"Dutchess, NY"
Poughkeepsie,"Dutchess, NY"
Poughkeepsie,"Dutchess, NY"
Poughquag,"Dutchess, NY"
Pulvers Corners,"Dutchess, NY"
Quaker Hill,"Dutchess, NY"
Red Hook,"Dutchess, NY"
Red Hook,"Dutchess, NY"
Red Hook Mills,"Dutchess, NY"
Red Oaks Mill,"Dutchess, NY"
Rhinebeck,"Dutchess, NY"
Rhinecliff,"Dutchess, NY"
Rochdale,"Dutchess, NY"
Rock City,"Dutchess, NY"
Rombout Ridge,"Dutchess, NY"
Rudco,"Dutchess, NY"
Salt Point,"Dutchess, NY"
Schultzville,"Dutchess, NY"
Sharon,"Dutchess, NY"
Sharon Station,"Dutchess, NY"
Shekomeko,"Dutchess, NY"
Shenandoah,"Dutchess, NY"
Shunpike,"Dutchess, NY"
Smithfield,"Dutchess, NY"
South Amenia,"Dutchess, NY"
South Dover,"Dutchess, NY"
South Millbrook,"Dutchess, NY"
South Road,"Dutchess, NY"
Spackenkill,"Dutchess, NY"
Spencer Corners,"Dutchess, NY"
Springwood Village,"Dutchess, NY"
Sproutville,"Dutchess, NY"
Staatsburg,"Dutchess, NY"
Stanford,"Dutchess, NY"
Stanfordville,"Dutchess, NY"
State Hospital,"Dutchess, NY"
State Line,"Dutchess, NY"
State School,"Dutchess, NY"
Stissing,"Dutchess, NY"
Stonehouse,"Dutchess, NY"
Stormville,"Dutchess, NY"
Swartoutville,"Dutchess, NY"
Swenson Drive,"Dutchess, NY"
Sylvan Lake,"Dutchess, NY"
Timothy Heights,"Dutchess, NY"
Titusville,"Dutchess, NY"
Tivoli,"Dutchess, NY"
Union Vale,"Dutchess, NY"
Upper Red Hook,"Dutchess, NY"
Upton Lake,"Dutchess, NY"
Vanderbilt Mansion National Historic Site,"Dutchess, NY"
Van Keurens,"Dutchess, NY"
Verbank,"Dutchess, NY"
Verbank Village,"Dutchess, NY"
Wappinger,"Dutchess, NY"
Wappinger Lake,"Dutchess, NY"
Wappingers Falls,"Dutchess, NY"
Wappingers Falls East,"Dutchess, NY"
Wappingers Falls North,"Dutchess, NY"
Washington,"Dutchess, NY"
Washington Hollow,"Dutchess, NY"
Wassaic,"Dutchess, NY"
Webatuck,"Dutchess, NY"
West Pawling,"Dutchess, NY"
Whaley Lake,"Dutchess, NY"
Wiccopee,"Dutchess, NY"
Wicopee,"Dutchess, NY"
Wiley Shelter,"Dutchess, NY"
Willow Brook,"Dutchess, NY"
Wingdale,"Dutchess, NY"
Woodinville,"Dutchess, NY"
Wurtemburg,"Dutchess, NY"
1946,"Dutchess, NY"
", MA",Massachusetts
Sandown,New Hampshire
Baileytown,"Orange, NY"
Baileyville,"Orange, NY"
Balmville,"Orange, NY"
Barleytown,"Orange, NY"
Beaverdam Lake,"Orange, NY"
Beaverdam Lake-Salisbury Mills,"Orange, NY"
Bellvale,"Orange, NY"
Berea,"Orange, NY"
Big Island,"Orange, NY"
Blooming Grove,"Orange, NY"
Blooming Grove,"Orange, NY"
Bull Mine,"Orange, NY"
Bullville,"Orange, NY"
Burnside,"Orange, NY"
Bushville,"Orange, NY"
Agway Station,"Orange, NY"
Allard Corners,"Orange, NY"
Amchir,"Orange, NY"
Amity,"Orange, NY"
Appalachian National Scenic Trail,"Orange, NY"
Arcadia Hills,"Orange, NY"
Arden,"Orange, NY"
Arden House,"Orange, NY"
Cahoonzie,"Orange, NY"
Campbell Hall,"Orange, NY"
Campbell Hall Junction,"Orange, NY"
Capitol Hills,"Orange, NY"
Cedar Cliff,"Orange, NY"
Central Valley,"Orange, NY"
Circleville,"Orange, NY"
Coldenham,"Orange, NY"
Colden Hill,"Orange, NY"
Collabar,"Orange, NY"
Cornwall,"Orange, NY"
Cornwall,"Orange, NY"
Cornwall Landing,"Orange, NY"
Cornwall-on-Hudson,"Orange, NY"
Craigville,"Orange, NY"
Crawford,"Orange, NY"
Cronomer Valley,"Orange, NY"
Crystal Run,"Orange, NY"
Cuddebackville,"Orange, NY"
Deerpark,"Orange, NY"
Delaware National Scenic River,"Orange, NY"
Denniston,"Orange, NY"
Denton,"Orange, NY"
Durland,"Orange, NY"
Durlandville,"Orange, NY"
Dutch Hollow,"Orange, NY"
Eagle Valley,"Orange, NY"
East Chester,"Orange, NY"
East Coldenham,"Orange, NY"
East Middletown,"Orange, NY"
East Walden,"Orange, NY"
Eden,"Orange, NY"
Edenville,"Orange, NY"
Fair Oaks,"Orange, NY"
Farmingdale,"Orange, NY"
Finchville,"Orange, NY"
Finnegans Corners,"Orange, NY"
Firthcliffe,"Orange, NY"
Firthcliffe Heights,"Orange, NY"
Florida,"Orange, NY"
Fort Montgomery,"Orange, NY"
Fort Putnam,"Orange, NY"
Fostertown,"Orange, NY"
Furnace Brook,"Orange, NY"
Gardnertown,"Orange, NY"
Gardnertown,"Orange, NY"
Gardnerville,"Orange, NY"
Germantown,"Orange, NY"
Girarde,"Orange, NY"
Glenwood Park,"Orange, NY"
Godeffroy,"Orange, NY"
Goshen (town),"Orange, NY"
Goshen (town),"Orange, NY"
Goshen (village),"Orange, NY"
Goshen (village),"Orange, NY"
Goshen Hills,"Orange, NY"
Greenville,"Orange, NY"
Greenwood Lake,"Orange, NY"
Greycourt,"Orange, NY"
Guymard,"Orange, NY"
Hamptonburgh,"Orange, NY"
Hamptonburgh,"Orange, NY"
Harriman,"Orange, NY"
Harriman South,"Orange, NY"
Highland Falls,"Orange, NY"
Highland Mills,"Orange, NY"
Highlands,"Orange, NY"
Hill,"Orange, NY"
Howells,"Orange, NY"
Howells Junction,"Orange, NY"
Huguenot,"Orange, NY"
Indian Hill,"Orange, NY"
Indian Park,"Orange, NY"
Johnson,"Orange, NY"
Kaisertown,"Orange, NY"
Kipps,"Orange, NY"
Kiryas Joel,"Orange, NY"
Lagrange,"Orange, NY"
Lake,"Orange, NY"
Lake Osiris Colony,"Orange, NY"
Lakeside,"Orange, NY"
Lake Station,"Orange, NY"
Lebanon,"Orange, NY"
Leptondale,"Orange, NY"
Little Britain,"Orange, NY"
Little York,"Orange, NY"
Logtown,"Orange, NY"
Marycrest,"Orange, NY"
Maybrook,"Orange, NY"
Meadowbrook,"Orange, NY"
Mechanicstown,"Orange, NY"
Merriewold Lake,"Orange, NY"
Michigan Corners,"Orange, NY"
Middle Hope,"Orange, NY"
Middlehope,"Orange, NY"
Middletown,"Orange, NY"
Middletown and Unionville Junction,"Orange, NY"
Middletown State Hospital,"Orange, NY"
Milburn,"Orange, NY"
Millsburg,"Orange, NY"
Minisink,"Orange, NY"
Monroe,"Orange, NY"
Monroe,"Orange, NY"
Monroe Southwest,"Orange, NY"
Montgomery,"Orange, NY"
Montgomery,"Orange, NY"
Morrison Heights,"Orange, NY"
Mountain House,"Orange, NY"
Mountain Lodge,"Orange, NY"
Mountainville,"Orange, NY"
Mount Eve,"Orange, NY"
Mount Hope,"Orange, NY"
Mount Hope,"Orange, NY"
Myers Grove,"Orange, NY"
Neelytown,"Orange, NY"
Newburgh,"Orange, NY"
Newburgh Junction,"Orange, NY"
Newburgh West,"Orange, NY"
New Hampton,"Orange, NY"
New Hampton-Denton,"Orange, NY"
New Milford,"Orange, NY"
Newport,"Orange, NY"
New Vernon,"Orange, NY"
New Windsor,"Orange, NY"
New Windsor Center,"Orange, NY"
North Dock,"Orange, NY"
North End,"Orange, NY"
Onleys Station,"Orange, NY"
Orange Lake,"Orange, NY"
Orrs Mill,"Orange, NY"
Otisville,"Orange, NY"
Otter Kill,"Orange, NY"
Oxford,"Orange, NY"
Oxford Depot,"Orange, NY"
Paradise,"Orange, NY"
Pellets Island,"Orange, NY"
Phillipsburg,"Orange, NY"
Pilgrim Corners,"Orange, NY"
Pine Bush,"Orange, NY"
Pine Island,"Orange, NY"
Port Jervis,"Orange, NY"
Port Orange,"Orange, NY"
Prospect Hill,"Orange, NY"
Randelville,"Orange, NY"
Ridgebury,"Orange, NY"
Rio,"Orange, NY"
Rock Tavern,"Orange, NY"
Rockville,"Orange, NY"
Rocky Hill,"Orange, NY"
Roses Point,"Orange, NY"
Roseton,"Orange, NY"
Rossville,"Orange, NY"
St. Andrew,"Orange, NY"
Salisbury Mills,"Orange, NY"
Savilton,"Orange, NY"
Scotchtown,"Orange, NY"
Scotts Corner,"Orange, NY"
Searsville,"Orange, NY"
Shin Hollow,"Orange, NY"
Silver Lake,"Orange, NY"
Silver Lake Village,"Orange, NY"
Slate Hill,"Orange, NY"
Smiths Clove,"Orange, NY"
Snufftown,"Orange, NY"
South Centerville,"Orange, NY"
Southfields,"Orange, NY"
Sparrow Bush,"Orange, NY"
Sterling Forest,"Orange, NY"
Stewart,"Orange, NY"
Stewart AFB,"Orange, NY"
Stone Gate,"Orange, NY"
Stony Ford,"Orange, NY"
Sugar Loaf,"Orange, NY"
Surrey Meadows,"Orange, NY"
Thompson Ridge,"Orange, NY"
Town,"Orange, NY"
Tristates,"Orange, NY"
Tuxedo,"Orange, NY"
Tuxedo,"Orange, NY"
Tuxedo Park,"Orange, NY"
Unionville,"Orange, NY"
United States Military Academy,"Orange, NY"
Upper Delaware Scenic & Recreational River,"Orange, NY"
U S C C,"Orange, NY"
Vails Gate,"Orange, NY"
Vails Gate Junction,"Orange, NY"
Van Burenville,"Orange, NY"
Van Keuren,"Orange, NY"
Walden,"Orange, NY"
Wallkill,"Orange, NY"
Walton Lake,"Orange, NY"
Walton Park,"Orange, NY"
Warwick,"Orange, NY"
Warwick,"Orange, NY"
Warwick State Training School for Boys,"Orange, NY"
Washington Heights,"Orange, NY"
Washington Lake,"Orange, NY"
Washingtonville,"Orange, NY"
Waterloo Mills,"Orange, NY"
Wawayanda,"Orange, NY"
West Cornwall,"Orange, NY"
West Newburgh,"Orange, NY"
West Point,"Orange, NY"
West Point Military Reservation,"Orange, NY"
Westtown,"Orange, NY"
Wickham Knolls,"Orange, NY"
Wickham Village,"Orange, NY"
Wilcox,"Orange, NY"
Winona Lake,"Orange, NY"
Wisner,"Orange, NY"
Woodbury,"Orange, NY"
Woodbury,"Orange, NY"
Woodbury Falls,"Orange, NY"
Worley Heights,"Orange, NY"
 Chester,"Orange, NY"
Lansdale,Pennsylvania
MiniVan - Eas,Pennsylvania
", PA",Pennsylvania
Barnum Corners,"Putnam, NY"
Berkshire Terrace,"Putnam, NY"
Brewster,"Putnam, NY"
Brewster Heights,"Putnam, NY"
Brewster Hill,"Putnam, NY"
Bullet Hole,"Putnam, NY"
Baldwin Place,"Putnam, NY"
Adams Corners,"Putnam, NY"
Akins Corners,"Putnam, NY"
Allen Corners,"Putnam, NY"
Carmel,"Putnam, NY"
Carmel,"Putnam, NY"
Carmel Hamlet,"Putnam, NY"
Carmel Hills,"Putnam, NY"
Carmel Park Estates,"Putnam, NY"
Cold Spring,"Putnam, NY"
Continental Village,"Putnam, NY"
Crafts,"Putnam, NY"
Crofts Corners,"Putnam, NY"
Deforest Corners,"Putnam, NY"
Dennytown,"Putnam, NY"
Drewville Heights,"Putnam, NY"
Dykemans,"Putnam, NY"
Farmers Mills,"Putnam, NY"
Field Corners,"Putnam, NY"
Forsonville,"Putnam, NY"
Garrison,"Putnam, NY"
Gilbert Corners,"Putnam, NY"
Glenclyffe,"Putnam, NY"
Graymoor,"Putnam, NY"
Haines Corners,"Putnam, NY"
Haviland Hollow,"Putnam, NY"
Hortontown,"Putnam, NY"
Kent,"Putnam, NY"
Kent Cliffs,"Putnam, NY"
Kent Corners,"Putnam, NY"
Kent Hills,"Putnam, NY"
Kenwood Estates,"Putnam, NY"
Lake Carmel,"Putnam, NY"
Lake Charles,"Putnam, NY"
Lake Gardens,"Putnam, NY"
Lake Mahopac,"Putnam, NY"
Lake Peekskill,"Putnam, NY"
Lake Secor,"Putnam, NY"
Leeside,"Putnam, NY"
Ludingtonville,"Putnam, NY"
McLaughlin Acres,"Putnam, NY"
Mahopac,"Putnam, NY"
Mahopac Falls,"Putnam, NY"
Mahopac Hills,"Putnam, NY"
Mahopac Mines,"Putnam, NY"
Mahopac Point,"Putnam, NY"
Mahopac Ridge,"Putnam, NY"
Manitou,"Putnam, NY"
Meads Corners,"Putnam, NY"
Milltown,"Putnam, NY"
Nelson Corners,"Putnam, NY"
Nelsonville,"Putnam, NY"
North Highland,"Putnam, NY"
Oscawana Corners,"Putnam, NY"
Oscawana Lake,"Putnam, NY"
Patterson,"Putnam, NY"
Patterson,"Putnam, NY"
Patterson Hamlet,"Putnam, NY"
Peach Lake,"Putnam, NY"
Philipstown,"Putnam, NY"
Putnam Lake,"Putnam, NY"
Putnam Valley,"Putnam, NY"
Richardsville,"Putnam, NY"
Romanoff,"Putnam, NY"
Sears Corners,"Putnam, NY"
Settlers Hill,"Putnam, NY"
Seven Hills,"Putnam, NY"
Sodom,"Putnam, NY"
Southeast,"Putnam, NY"
South Highland,"Putnam, NY"
South Lake,"Putnam, NY"
Steinbeck Corners,"Putnam, NY"
Stillwater,"Putnam, NY"
Sunnybrook,"Putnam, NY"
Tilly Foster,"Putnam, NY"
Tompkins Corners,"Putnam, NY"
Tonetta Lake Heights,"Putnam, NY"
Towners,"Putnam, NY"
Vail's Grove,"Putnam, NY"
West Mahopac,"Putnam, NY"
West Patterson,"Putnam, NY"
", RI",Rhode Island
Bardonia,"Rockland, NY"
Bear Mountain,"Rockland, NY"
Blauvelt,"Rockland, NY"
Brownsell Corner,"Rockland, NY"
Buckingham Estates,"Rockland, NY"
Bulsontown,"Rockland, NY"
Airmont,"Rockland, NY"
Airmont Heights,"Rockland, NY"
Antrim,"Rockland, NY"
Camp Hill,"Rockland, NY"
Cedar Flats,"Rockland, NY"
Centenary,"Rockland, NY"
Central Nyack,"Rockland, NY"
Chestnut Ridge,"Rockland, NY"
Clarkstown,"Rockland, NY"
Congers,"Rockland, NY"
Doodletown,"Rockland, NY"
Felters Corners,"Rockland, NY"
Fort Clinton,"Rockland, NY"
Garnerville,"Rockland, NY"
Germonds,"Rockland, NY"
Grand View-on-Hudson,"Rockland, NY"
Grassy Point,"Rockland, NY"
Happy Valley,"Rockland, NY"
New Hempstead,"Rockland, NY"
Hillburn,"Rockland, NY"
Hillcrest,"Rockland, NY"
Jones Point,"Rockland, NY"
Kaser,"Rockland, NY"
Ladentown,"Rockland, NY"
Lake Lucille,"Rockland, NY"
Monsey,"Rockland, NY"
Monsey Heights,"Rockland, NY"
Montebello,"Rockland, NY"
Monterey Estates,"Rockland, NY"
Mountain View East,"Rockland, NY"
Mount Ivy,"Rockland, NY"
Nanuet,"Rockland, NY"
Nauraushaun,"Rockland, NY"
New City,"Rockland, NY"
New City Junction,"Rockland, NY"
New City Park,"Rockland, NY"
New Hempstead,"Rockland, NY"
New Square,"Rockland, NY"
Nyack,"Rockland, NY"
Oakbrook,"Rockland, NY"
Orangeburg,"Rockland, NY"
Orangetown,"Rockland, NY"
Palisades,"Rockland, NY"
Pearl River,"Rockland, NY"
Piermont,"Rockland, NY"
Pomona,"Rockland, NY"
Pomona Heights,"Rockland, NY"
Ramapo,"Rockland, NY"
Rockland Lake State Park,"Rockland, NY"
Samsondale,"Rockland, NY"
Sloatsburg,"Rockland, NY"
Sneden Landing,"Rockland, NY"
South Nyack,"Rockland, NY"
Sparkill,"Rockland, NY"
Spring Valley,"Rockland, NY"
Sterlington,"Rockland, NY"
Stony Point,"Rockland, NY"
Stony Point,"Rockland, NY"
Suffern,"Rockland, NY"
Suffern Park,"Rockland, NY"
Summit Park,"Rockland, NY"
Svahn Manor,"Rockland, NY"
Tallman,"Rockland, NY"
Tallmans,"Rockland, NY"
Tappan,"Rockland, NY"
Thiells,"Rockland, NY"
Tomkins Cove,"Rockland, NY"
Upper Grand View,"Rockland, NY"
Upper Nyack,"Rockland, NY"
Valley Cottage,"Rockland, NY"
Viola,"Rockland, NY"
Wesley Chapel,"Rockland, NY"
Wesley Hills,"Rockland, NY"
West Haverstraw,"Rockland, NY"
West Nyack,"Rockland, NY"
Willow Grove,"Rockland, NY"
Palisade,"Rockland, NY"
Haverstraw,"Rockland, NY"
Barryville,"Sullivan, NY"
Basket,"Sullivan, NY"
Beaver Brook,"Sullivan, NY"
Beaverkill,"Sullivan, NY"
Bethel,"Sullivan, NY"
Bethel,"Sullivan, NY"
Black Lake,"Sullivan, NY"
Bloomingburg,"Sullivan, NY"
Bloomingburgh,"Sullivan, NY"
Bradley,"Sullivan, NY"
Bridgeville,"Sullivan, NY"
Briscoe,"Sullivan, NY"
Burlingham,"Sullivan, NY"
Bushville,"Sullivan, NY"
Acidalia,"Sullivan, NY"
Aden,"Sullivan, NY"
Anderson,"Sullivan, NY"
Callicoon,"Sullivan, NY"
Callicoon Center,"Sullivan, NY"
Camp Hemlock,"Sullivan, NY"
Claryville,"Sullivan, NY"
Cochecton,"Sullivan, NY"
Cochecton,"Sullivan, NY"
Cochecton Center,"Sullivan, NY"
Cooley,"Sullivan, NY"
Coopers Corners,"Sullivan, NY"
Craigie Clair,"Sullivan, NY"
Culvertown,"Sullivan, NY"
Curry,"Sullivan, NY"
Dahlia,"Sullivan, NY"
Debruce,"Sullivan, NY"
Deckertown,"Sullivan, NY"
Divine Corners,"Sullivan, NY"
East Cochecton,"Sullivan, NY"
Eldred,"Sullivan, NY"
Emerald Green,"Sullivan, NY"
Fallsburg,"Sullivan, NY"
Fallsburg,"Sullivan, NY"
Fallsburgh,"Sullivan, NY"
Falls Mills,"Sullivan, NY"
Ferndale,"Sullivan, NY"
Fernwood,"Sullivan, NY"
Forestburg,"Sullivan, NY"
Forestburgh,"Sullivan, NY"
Fosterdale,"Sullivan, NY"
Fowlerville,"Sullivan, NY"
Fremont,"Sullivan, NY"
Fremont Center,"Sullivan, NY"
Glen Spey,"Sullivan, NY"
Glen Wild,"Sullivan, NY"
Grahamsville,"Sullivan, NY"
Grooville,"Sullivan, NY"
Grossinger,"Sullivan, NY"
Handsome Eddy,"Sullivan, NY"
Hankins,"Sullivan, NY"
Harris,"Sullivan, NY"
Hartwood,"Sullivan, NY"
Hartwood Club,"Sullivan, NY"
Hasbrouck,"Sullivan, NY"
Haven,"Sullivan, NY"
Hazel,"Sullivan, NY"
Highland Lake,"Sullivan, NY"
High View,"Sullivan, NY"
Highview,"Sullivan, NY"
Hortonville,"Sullivan, NY"
Hunter Lake,"Sullivan, NY"
Hunts Corners,"Sullivan, NY"
Hurd,"Sullivan, NY"
Hurd Settlement,"Sullivan, NY"
Hurleyville,"Sullivan, NY"
Jeffersonville,"Sullivan, NY"
Joscelyn,"Sullivan, NY"
Kauneonga,"Sullivan, NY"
Kauneonga Lake,"Sullivan, NY"
Kenoza Lake,"Sullivan, NY"
Kiamesha Lake,"Sullivan, NY"
Knights Eddy,"Sullivan, NY"
Kohlertown,"Sullivan, NY"
Lake Huntington,"Sullivan, NY"
Lava,"Sullivan, NY"
Lew Beach,"Sullivan, NY"
Liberty,"Sullivan, NY"
Liberty,"Sullivan, NY"
Livingston Manor,"Sullivan, NY"
Lochada Lake,"Sullivan, NY"
Loch Sheldrake,"Sullivan, NY"
Long Eddy,"Sullivan, NY"
Loomis,"Sullivan, NY"
Lower Beechwood,"Sullivan, NY"
Lumberland,"Sullivan, NY"
Mamakating,"Sullivan, NY"
Mamakating Park,"Sullivan, NY"
Maple Glen,"Sullivan, NY"
Maplewood,"Sullivan, NY"
Masten Lake,"Sullivan, NY"
Melody Lake,"Sullivan, NY"
Merriewold,"Sullivan, NY"
Merriewold Park,"Sullivan, NY"
Mileses,"Sullivan, NY"
Minisink Ford,"Sullivan, NY"
Mohican Lake,"Sullivan, NY"
Mongaup,"Sullivan, NY"
Mongaup Valley,"Sullivan, NY"
Monticello,"Sullivan, NY"
Morsston,"Sullivan, NY"
Mountain Dale,"Sullivan, NY"
Mount Prosper,"Sullivan, NY"
Mount Vernon,"Sullivan, NY"
Narrowsburg,"Sullivan, NY"
Neversink,"Sullivan, NY"
Newieden,"Sullivan, NY"
North Branch,"Sullivan, NY"
Oakland Valley,"Sullivan, NY"
Obernburg,"Sullivan, NY"
Odell,"Sullivan, NY"
Parkston,"Sullivan, NY"
Parksville,"Sullivan, NY"
Phillipsport,"Sullivan, NY"
Philwold,"Sullivan, NY"
Pleasant Valley,"Sullivan, NY"
Pond Eddy,"Sullivan, NY"
Richards Field,"Sullivan, NY"
Rock Hill,"Sullivan, NY"
Roosa Gap,"Sullivan, NY"
Roscoe,"Sullivan, NY"
Sacketts Lake,"Sullivan, NY"
St. Josephs,"Sullivan, NY"
St. Josephs Sanatarium,"Sullivan, NY"
Shandelee,"Sullivan, NY"
Skinners Falls,"Sullivan, NY"
Smallwood,"Sullivan, NY"
South Fallsburg,"Sullivan, NY"
South Fallsburgh,"Sullivan, NY"
Squirrels Corners,"Sullivan, NY"
Summitville,"Sullivan, NY"
Swan Lake,"Sullivan, NY"
Ten Mile River,"Sullivan, NY"
Tennanah,"Sullivan, NY"
Tennanah Lake,"Sullivan, NY"
Thompson,"Sullivan, NY"
Thompsonville,"Sullivan, NY"
Tusten,"Sullivan, NY"
Tusten,"Sullivan, NY"
Tylertown,"Sullivan, NY"
Unionville,"Sullivan, NY"
Upper Beechwood,"Sullivan, NY"
Upper Delaware Scenic & Recreational River,"Sullivan, NY"
Upper Mongaup,"Sullivan, NY"
Westbrookville,"Sullivan, NY"
White Lake,"Sullivan, NY"
White Sulphur Springs,"Sullivan, NY"
Willowemoc,"Sullivan, NY"
Winterton,"Sullivan, NY"
Woodbourne,"Sullivan, NY"
Woodridge,"Sullivan, NY"
Wurtsboro,"Sullivan, NY"
Wurtsboro Hills,"Sullivan, NY"
Yankee Lake,"Sullivan, NY"
Youngsville,"Sullivan, NY"
Yulan,"Sullivan, NY"
Baileys Gap,"Ulster, NY"
Barclay Heights,"Ulster, NY"
Bearsville,"Ulster, NY"
Beechford,"Ulster, NY"
Belle Ayr,"Ulster, NY"
Benton Corners,"Ulster, NY"
Big Indian,"Ulster, NY"
Binnewater,"Ulster, NY"
Bloomington,"Ulster, NY"
Bloomington-Hickory Bush,"Ulster, NY"
Blue Mountain,"Ulster, NY"
Boiceville,"Ulster, NY"
Borden Estate,"Ulster, NY"
Branch,"Ulster, NY"
Brodhead,"Ulster, NY"
Brownville,"Ulster, NY"
Bruceville,"Ulster, NY"
Bruynswick,"Ulster, NY"
Bull Run,"Ulster, NY"
Bushnellville,"Ulster, NY"
Butterville,"Ulster, NY"
Byrdcliffe,"Ulster, NY"
Awosting,"Ulster, NY"
Accord (CDP),"Ulster, NY"
Allaben,"Ulster, NY"
Alligerville,"Ulster, NY"
Ardonia,"Ulster, NY"
Asbury,"Ulster, NY"
Ashokan,"Ulster, NY"
Atwood,"Ulster, NY"
Carle Terrace,"Ulster, NY"
Centerville,"Ulster, NY"
Cherrytown,"Ulster, NY"
Chichester,"Ulster, NY"
Clintondale,"Ulster, NY"
Clintondale,"Ulster, NY"
Cold Brook,"Ulster, NY"
Connelly,"Ulster, NY"
Corner,"Ulster, NY"
Cottekill,"Ulster, NY"
Cragsmoor,"Ulster, NY"
Crawford,"Ulster, NY"
Creeklocks,"Ulster, NY"
Dairyland,"Ulster, NY"
Daisy,"Ulster, NY"
Dashville,"Ulster, NY"
Davis Corners,"Ulster, NY"
Denning,"Ulster, NY"
Dwaarkill,"Ulster, NY"
East Kingston,"Ulster, NY"
East Wawarsing,"Ulster, NY"
Eavesport,"Ulster, NY"
Eddyville,"Ulster, NY"
Ellenville,"Ulster, NY"
Elting Corners,"Ulster, NY"
Esopus,"Ulster, NY"
Esopus,"Ulster, NY"
Fantinekill,"Ulster, NY"
Fish Creek,"Ulster, NY"
Flatbush,"Ulster, NY"
Flint,"Ulster, NY"
Forest Glen,"Ulster, NY"
Frost Valley,"Ulster, NY"
Galeville,"Ulster, NY"
Ganahgote,"Ulster, NY"
Gardiner,"Ulster, NY"
Glasco,"Ulster, NY"
Glenerie,"Ulster, NY"
Glenerie Lake Park,"Ulster, NY"
Glenford,"Ulster, NY"
Grand Hotel,"Ulster, NY"
Granite,"Ulster, NY"
Greenfield Park,"Ulster, NY"
Greenville,"Ulster, NY"
Halihan Hill,"Ulster, NY"
Hardenburgh,"Ulster, NY"
Hickorybush,"Ulster, NY"
High Falls,"Ulster, NY"
Highland,"Ulster, NY"
Highland Landing,"Ulster, NY"
Highmount,"Ulster, NY"
High Woods,"Ulster, NY"
Hillside,"Ulster, NY"
Honk Hill,"Ulster, NY"
Hurley (CDP),"Ulster, NY"
Hurley (town),"Ulster, NY"
Ireland Corners,"Ulster, NY"
Jenkinstown,"Ulster, NY"
Jockey Hill,"Ulster, NY"
Kallops Corners,"Ulster, NY"
Katsbaan,"Ulster, NY"
Kerhonkson,"Ulster, NY"
Kingston,"Ulster, NY"
Kingston,"Ulster, NY"
Kripplebush,"Ulster, NY"
Krumville,"Ulster, NY"
Kyserike,"Ulster, NY"
Lackawack,"Ulster, NY"
Ladleton,"Ulster, NY"
Lake Hill,"Ulster, NY"
Lake Katrine,"Ulster, NY"
Lake Minnewaska,"Ulster, NY"
Lapla,"Ulster, NY"
Lattintown,"Ulster, NY"
Lawrenceville,"Ulster, NY"
Lefever Falls,"Ulster, NY"
Leibhardt,"Ulster, NY"
Libertyville,"Ulster, NY"
Liebhardt,"Ulster, NY"
Lincoln Park,"Ulster, NY"
Lloyd,"Ulster, NY"
Lloyd,"Ulster, NY"
Lomontville,"Ulster, NY"
Lyonsville,"Ulster, NY"
Malden,"Ulster, NY"
Malden-on-Hudson,"Ulster, NY"
Manorville,"Ulster, NY"
Mapledale,"Ulster, NY"
Maple Hill,"Ulster, NY"
Marbletown,"Ulster, NY"
Marlboro,"Ulster, NY"
Marlborough,"Ulster, NY"
Mettacahonts,"Ulster, NY"
Mill Hook,"Ulster, NY"
Milton,"Ulster, NY"
Modena,"Ulster, NY"
Modena Gardens,"Ulster, NY"
Mohonk Lake,"Ulster, NY"
Mombaccus,"Ulster, NY"
Montoma,"Ulster, NY"
Morgan Hill,"Ulster, NY"
Mount Marion,"Ulster, NY"
Mount Marion Park,"Ulster, NY"
Mount Merion Park,"Ulster, NY"
Mount Pleasant,"Ulster, NY"
Mount Tremper,"Ulster, NY"
Napanoch,"Ulster, NY"
New Hurley,"Ulster, NY"
New Paltz,"Ulster, NY"
New Salem,"Ulster, NY"
Oakes,"Ulster, NY"
Ohioville,"Ulster, NY"
Olive,"Ulster, NY"
Olivebridge,"Ulster, NY"
Oliverea,"Ulster, NY"
Pacama,"Ulster, NY"
Palentown,"Ulster, NY"
Pataukunk,"Ulster, NY"
Peekamoose,"Ulster, NY"
Phoenicia,"Ulster, NY"
Pine Bush,"Ulster, NY"
Pine Hill,"Ulster, NY"
Plattekill,"Ulster, NY"
Plattekill,"Ulster, NY"
Plutarch,"Ulster, NY"
Ponck Hockie,"Ulster, NY"
Port Ben,"Ulster, NY"
Port Ewen,"Ulster, NY"
Potterville,"Ulster, NY"
Quarryville,"Ulster, NY"
Red Mills,"Ulster, NY"
Rifton,"Ulster, NY"
Riggsville,"Ulster, NY"
Riverside Park,"Ulster, NY"
Rochester,"Ulster, NY"
Rolling Meadows,"Ulster, NY"
Rondout,"Ulster, NY"
Rosendale,"Ulster, NY"
Rosendale Village,"Ulster, NY"
Ruby,"Ulster, NY"
Rutsonville,"Ulster, NY"
Saint Elmo,"Ulster, NY"
Saint Josen,"Ulster, NY"
St. Remy,"Ulster, NY"
Samsonville,"Ulster, NY"
Saugerties,"Ulster, NY"
Saugerties,"Ulster, NY"
Saugerties South,"Ulster, NY"
Sawkill,"Ulster, NY"
Saxton,"Ulster, NY"
Seager,"Ulster, NY"
Shady,"Ulster, NY"
Shandaken,"Ulster, NY"
Shandaken,"Ulster, NY"
Shawangunk,"Ulster, NY"
Shokan,"Ulster, NY"
Sholam,"Ulster, NY"
Shultis Corners,"Ulster, NY"
Sleightsburg,"Ulster, NY"
Spring Glen,"Ulster, NY"
Springtown,"Ulster, NY"
Stone Ridge,"Ulster, NY"
Stony Hollow,"Ulster, NY"
Sundown,"Ulster, NY"
Sweet Meadows,"Ulster, NY"
Tabasco,"Ulster, NY"
The Cape,"Ulster, NY"
The Corner,"Ulster, NY"
The Vly,"Ulster, NY"
Tillson,"Ulster, NY"
Tuckers Corner,"Ulster, NY"
Turnwood,"Ulster, NY"
Tuthill,"Ulster, NY"
Tuthilltown,"Ulster, NY"
Ulster Heights,"Ulster, NY"
Ulster Landing,"Ulster, NY"
Ulster Park,"Ulster, NY"
Ulsterville,"Ulster, NY"
Union Center,"Ulster, NY"
Uptown,"Ulster, NY"
Veteran,"Ulster, NY"
Walker Valley,"Ulster, NY"
Wallkill,"Ulster, NY"
Wallkill Camp,"Ulster, NY"
Wawarsing,"Ulster, NY"
Wawarsing,"Ulster, NY"
West Camp,"Ulster, NY"
West Hurley,"Ulster, NY"
West Park,"Ulster, NY"
West Saugerties,"Ulster, NY"
West Shokan,"Ulster, NY"
Whiteport,"Ulster, NY"
Whitfield,"Ulster, NY"
Wilbur,"Ulster, NY"
Williams Lake,"Ulster, NY"
Willow,"Ulster, NY"
Winchell,"Ulster, NY"
Wittenberg,"Ulster, NY"
Woodland,"Ulster, NY"
Woodstock,"Ulster, NY"
Woodstock,"Ulster, NY"
Yagerville,"Ulster, NY"
Zena,"Ulster, NY"